stud_number;first_name;last_name;gender;email;registration_date;payment_date;registration_fee;year
7719175;Eliane;CHOISNE;M;eliane.choisne@centralesupelec.fr;2015-10-08;2015-11-07;20.5;2016
7208231;Florian;COEFFARD;M;florian.coeffard@centralesupelec.fr;2015-10-01;2015-10-01;20.5;2016
5876984;Jacob;ROUSSIERE;garçon;jacob.roussiere@centralesupelec.fr;2015-10-10;2015-11-09;20.5;2016
2486399;Hortense;GUEFFIER;W;hortense.gueffier@centralesupelec.fr;2015-10-10;2015-10-10;20.5;2016
7874799;Timothée;COUILLAUD;H;timothee.couillaud@centralesupelec.fr;2015-09-27;2015-10-27;20.5;2016
2321657;Léonie;RELION;F;leonie.relion@centralesupelec.fr;2015-10-09;2015-10-09;20.5;2016
1056327;Prosper;FERRON;H;prosper.ferron@centralesupelec.fr;2015-09-23;2015-09-23;20.5;2016
2357186;Marie-Helene;COUVREUR;W;marie-helene.couvreur@centralesupelec.fr;2015-09-25;2015-09-25;20.5;2016
8298259;Béatrix;CHOISNET;fille;beatrix.choisnet@centralesupelec.fr;2015-09-15;2015-09-15;20.5;2016
7085217;Geneviève;RAGUIN;W;genevieve.raguin@centralesupelec.fr;2015-10-17;2015-11-16;20.5;2016
2542500;Karl;ANIS;H;karl.anis@centralesupelec.fr;2015-10-15;2015-11-14;20.5;2016
9699114;Ludwig;JACQUET;M;ludwig.jacquet@centralesupelec.fr;2015-09-24;2015-10-24;20.5;2016
6060655;Gina;GUILLEMET;fille;gina.guillemet@centralesupelec.fr;2015-10-16;2015-10-16;20.5;2016
3656441;Camille;BOUET;garçon;camille.bouet@centralesupelec.fr;2015-10-09;2015-10-09;20.5;2016
5857152;Alphonse;GOIZET;M;alphonse.goizet@centralesupelec.fr;2015-10-16;2015-10-16;20.5;2016
8264456;Juliette;RENOUX;F;juliette.renoux@centralesupelec.fr;2015-10-21;2015-11-20;20.5;2016
2199095;Marie-Bernadette;PERRON;fille;marie-bernadette.perron@centralesupelec.fr;2015-10-10;2015-11-09;20.5;2016
3808222;Frantz;REVERDY;M;frantz.reverdy@centralesupelec.fr;2015-09-18;2015-10-18;20.5;2016
1443127;Marie-Céline;DENECHERE;fille;marie-celine.denechere@centralesupelec.fr;2015-10-02;;20.5;2016
8841242;Françoise;BOUDIER;M;francoise.boudier@centralesupelec.fr;2015-10-05;2015-10-05;20.5;2016
1548313;Claude;PAULEAU;F;claude.pauleau@centralesupelec.fr;2015-10-08;2015-10-08;20.5;2016
7812504;Steeve;LUCAS;H;steeve.lucas@centralesupelec.fr;2015-09-21;2015-09-21;20.5;2016
6826493;Dimitri;PERRAUD;garçon;dimitri.perraud@centralesupelec.fr;2015-10-08;2015-10-08;20.5;2016
6684033;Nicole;PREZELIN;M;nicole.prezelin@centralesupelec.fr;2015-10-25;2015-11-24;20.5;2016
6987488;Lise-Marie;BEAUMIER;W;lise-marie.beaumier@centralesupelec.fr;2015-09-12;2015-09-12;20.5;2016
1489259;Marie-Joelle;HAMON;fille;marie-joelle.hamon@centralesupelec.fr;2015-10-11;2015-11-10;20.5;2016
1816455;Guy;GEFFARD;M;guy.geffard@centralesupelec.fr;2015-10-27;2015-11-26;20.5;2016
8799340;Edouard;PANTAIS;H;edouard.pantais@centralesupelec.fr;2015-09-17;2015-09-17;20.5;2016
9419081;Arnauld;MESNARD;garçon;arnauld.mesnard@centralesupelec.fr;2015-09-28;2015-09-28;20.5;2016
1865983;Jean-Léon;CHEREAU;H;jean-leon.chereau@centralesupelec.fr;2015-10-21;2015-11-20;20.5;2016
4142842;Jean-José;BONNEAU;M;jean-jose.bonneau@centralesupelec.fr;2015-09-27;2015-09-27;20.5;2016
4720458;Godefroy;CHENE;garçon;godefroy.chene@centralesupelec.fr;2015-09-27;2015-09-27;20.5;2016
7680585;Jean-Pierre;MORISSET;garçon;jean-pierre.morisset@centralesupelec.fr;2015-09-21;2015-09-21;20.5;2016
2492393;Moussa;LEMOINE;H;moussa.lemoine@centralesupelec.fr;2015-09-25;2015-09-25;20.5;2016
7552324;Huguette;LAMBERT;W;huguette.lambert@centralesupelec.fr;2015-09-15;2015-09-15;20.5;2016
1143077;Stéphane;BOISTAULT;F;stephane.boistault@centralesupelec.fr;2015-09-13;2015-09-13;20.5;2016
3654729;Cendrine;GOHIER;F;cendrine.gohier@centralesupelec.fr;2015-10-20;2015-10-20;20.5;2016
9875243;Gwenola;POITOU;fille;gwenola.poitou@centralesupelec.fr;2015-09-12;2015-10-12;20.5;2016
6838348;Jean-Charles;LEBRUN;H;jean-charles.lebrun@centralesupelec.fr;2015-10-16;2015-10-16;20.5;2016
3273815;John;RIVAULT;garçon;john.rivault@centralesupelec.fr;2015-10-23;2015-10-23;20.5;2016
7272063;Valérie;MAILLOCHON;fille;valerie.maillochon@centralesupelec.fr;2015-09-18;2015-09-18;20.5;2016
4726982;Doris;LANDRY;fille;doris.landry@centralesupelec.fr;2015-10-09;2015-10-09;20.5;2016
7339596;Najia;ALIGON;W;najia.aligon@centralesupelec.fr;2015-09-17;2015-09-17;20.5;2016
6949831;Edwige;CHATEIGNER;F;edwige.chateigner@centralesupelec.fr;2015-10-10;2015-10-10;20.5;2016
7930059;Marianne;LE GAL;H;marianne.le gal@centralesupelec.fr;2015-10-07;2015-10-07;20.5;2016
1704351;Inès;﻿MARTIN;fille;ines.martin@centralesupelec.fr;2015-10-16;2015-10-16;20.5;2016
138039;Helen;COIFFARD;fille;helen.coiffard@centralesupelec.fr;2015-10-24;2015-11-23;20.5;2016
7971456;Salim;GRIFFON;M;salim.griffon@centralesupelec.fr;2015-09-17;2015-09-17;20.5;2016
8623571;Kheira;ROTUREAU;W;kheira.rotureau@centralesupelec.fr;2015-10-25;2015-11-24;20.5;2016
6413651;Jean-Michel;BOURBON;garçon;jean-michel.bourbon@centralesupelec.fr;2015-10-13;2015-10-13;20.5;2016
1119943;Maude;ALGOURDIN;fille;maude.algourdin@centralesupelec.fr;2015-10-02;2015-11-01;20.5;2016
316232;Marcel;FAURE;H;marcel.faure@centralesupelec.fr;2015-10-22;2015-10-22;20.5;2016
7467470;Helga;GERNIGON;F;helga.gernigon@centralesupelec.fr;2015-09-27;2015-09-27;20.5;2016
6713791;Andrée;GUEDON;F;andree.guedon@centralesupelec.fr;2015-10-12;2015-10-12;20.5;2016
3479955;Marie-Elisabeth;RAVARY;F;marie-elisabeth.ravary@centralesupelec.fr;2015-10-07;2015-11-06;20.5;2016
6393605;Huguette;BOURBON;W;huguette.bourbon@centralesupelec.fr;2015-09-22;2015-10-22;20.5;2016
6507216;Paul-André;LEFEVRE;H;paul-andre.lefevre@centralesupelec.fr;2015-09-17;2015-10-17;20.5;2016
4239662;Ursula;LHERBETTE;fille;ursula.lherbette@centralesupelec.fr;2015-09-22;2015-09-22;20.5;2016
5089004;Vincenza;DELAHAIE;fille;vincenza.delahaie@centralesupelec.fr;2015-10-04;2015-10-04;20.5;2016
2206687;Marie Paule;GODEFROY;F;marie paule.godefroy@centralesupelec.fr;2015-09-29;2015-10-29;20.5;2016
975616;Ghislaine;GUIARD;garçon;ghislaine.guiard@centralesupelec.fr;2015-10-03;2015-10-03;20.5;2016
7850964;Chistophe;GUIARD;H;chistophe.guiard@centralesupelec.fr;2015-09-13;2015-09-13;20.5;2016
8099037;Maïté;BARAUD;W;maite.baraud@centralesupelec.fr;2015-10-17;2015-10-17;20.5;2016
9976281;Jean-Richard;RAPICAULT;M;jean-richard.rapicault@centralesupelec.fr;2015-09-14;2015-09-14;20.5;2016
2743060;Denise;BROUARD;F;denise.brouard@centralesupelec.fr;2015-09-23;2015-09-23;20.5;2016
6768024;Ida;DAVIAU;F;ida.daviau@centralesupelec.fr;2015-10-07;2015-10-07;20.5;2016
3635356;Jean Toussaint;MICHELET;H;jean toussaint.michelet@centralesupelec.fr;2015-10-14;2015-10-14;20.5;2016
145894;Marie Noelle;COSTE;fille;marie noelle.coste@centralesupelec.fr;2015-10-14;2015-10-14;20.5;2016
8775967;Claudio;ROUILLE;M;claudio.rouille@centralesupelec.fr;2015-10-27;2015-10-27;20.5;2016
6558582;Marie-Line;CHARPENTIER;F;marie-line.charpentier@centralesupelec.fr;2015-10-01;2015-10-01;20.5;2016
34297;Marie-Astrid;TROST;F;marie-astrid.trost@centralesupelec.fr;2015-10-12;2015-10-12;20.5;2016
2314513;Martha;COULOT;F;martha.coulot@centralesupelec.fr;2015-09-17;2015-09-17;20.5;2016
8775240;Manuela;MESANGE;F;manuela.mesange@centralesupelec.fr;2015-10-20;2015-10-20;20.5;2016
6432702;Maude;HALBERT;fille;maude.halbert@centralesupelec.fr;2015-10-24;2015-10-24;20.5;2016
2092864;Renee;CHAUVIN;W;renee.chauvin@centralesupelec.fr;2015-10-22;2015-10-22;20.5;2016
7327945;Dolorès;GAUGAIN;fille;dolores.gaugain@centralesupelec.fr;2015-10-13;2015-10-13;20.5;2016
1535695;Monique;HARDOUIN;garçon;monique.hardouin@centralesupelec.fr;2015-10-02;2015-10-02;20.5;2016
9287286;Marco;BROSSAS;H;marco.brossas@centralesupelec.fr;2015-09-21;2015-09-21;20.5;2016
5390269;Philomène;DA SILVA;W;philomene.da silva@centralesupelec.fr;2015-10-17;2015-11-16;20.5;2016
3654438;Walter;LAVENIER;H;walter.lavenier@centralesupelec.fr;2015-09-30;2015-09-30;20.5;2016
4071677;Marie-Joëlle;DEROUET;F;marie-joelle.derouet@centralesupelec.fr;2015-10-18;2015-10-18;20.5;2016
7012052;Zahia;BACLE;fille;zahia.bacle@centralesupelec.fr;2015-10-24;2015-10-24;20.5;2016
7092166;Jack;MAUXION;M;jack.mauxion@centralesupelec.fr;2015-09-14;2015-09-14;20.5;2016
785189;Philippe;POINTEAU;M;philippe.pointeau@centralesupelec.fr;2015-10-18;2015-10-18;20.5;2016
101046;Emmanuelle;DAGUIN;F;emmanuelle.daguin@centralesupelec.fr;2015-09-20;2015-10-20;20.5;2016
9061188;Omar;BERTAUD;H;omar.bertaud@centralesupelec.fr;2015-09-26;2015-10-26;20.5;2016
8486227;Marie-Michèle;PERRAULT;fille;marie-michele.perrault@centralesupelec.fr;2015-09-28;2015-09-28;20.5;2016
1542780;Peggy;GENDRY;W;peggy.gendry@centralesupelec.fr;2015-09-29;2015-09-29;20.5;2016
4207744;Gaby;PANNEAU;H;gaby.panneau@centralesupelec.fr;2015-09-19;2015-09-19;20.5;2016
6861454;Philip;MALINGE;garçon;philip.malinge@centralesupelec.fr;2015-10-13;2015-11-12;20.5;2016
8955635;Anne-Yvonne;LEBRUN;W;anne-yvonne.lebrun@centralesupelec.fr;2015-10-13;2015-10-13;20.5;2016
4433959;Marie-Helene;NOEL;F;marie-helene.noel@centralesupelec.fr;2015-10-18;2015-10-18;20.5;2016
1810422;Mireille;LEGER;fille;mireille.leger@centralesupelec.fr;2015-10-02;2015-10-02;20.5;2016
2355705;Jeannot;AUVINET;M;jeannot.auvinet@centralesupelec.fr;2015-09-30;2015-09-30;20.5;2016
9492774;Dorothée;PINARD;fille;dorothee.pinard@centralesupelec.fr;2015-09-27;2015-10-27;20.5;2016
2960755;Helmut;CHALOPIN;M;helmut.chalopin@centralesupelec.fr;2015-09-23;2015-09-23;20.5;2016
7145865;Fatma;COUVREUX;fille;fatma.couvreux@centralesupelec.fr;2015-10-22;2015-10-22;20.5;2016
3355919;Jean-Pol;BELNOU;M;jean-pol.belnou@centralesupelec.fr;2015-10-14;2015-10-14;20.5;2016
423898;Hafida;BOUGREAU;W;hafida.bougreau@centralesupelec.fr;2015-10-13;2015-11-12;20.5;2016
6813274;Marietta;VION;F;marietta.vion@centralesupelec.fr;2015-10-25;2015-10-25;20.5;2016
1175545;Jacki;BEZIE;garçon;jacki.bezie@centralesupelec.fr;2015-09-27;;20.5;2016
517862;Fleur;SECHER;fille;fleur.secher@centralesupelec.fr;2015-10-19;2015-11-18;20.5;2016
7231589;Jacob;BOURRIGAULT;M;jacob.bourrigault@centralesupelec.fr;2015-09-18;2015-09-18;20.5;2016
8147057;Florian;BEAUMONT;M;florian.beaumont@centralesupelec.fr;2015-10-08;2015-11-07;20.5;2016
1950948;Marinette;CERISIER;fille;marinette.cerisier@centralesupelec.fr;2015-10-11;2015-11-10;20.5;2016
7009087;Daniela;POILANE;fille;daniela.poilane@centralesupelec.fr;2015-10-17;2015-11-16;20.5;2016
2319720;Hocine;CUSSONNEAU;garçon;hocine.cussonneau@centralesupelec.fr;2015-09-19;2015-09-19;20.5;2016
8861766;Elvis;COSNARD;M;elvis.cosnard@centralesupelec.fr;2015-09-17;2015-10-17;20.5;2016
6424608;Marie-Lise;JOUAN;F;marie-lise.jouan@centralesupelec.fr;2015-10-03;2015-11-02;20.5;2016
7206006;Jérémy;DESGRE;M;jeremy.desgre@centralesupelec.fr;2015-10-24;2015-10-24;20.5;2016
7903483;Marinella;COLAISSEAU;W;marinella.colaisseau@centralesupelec.fr;2015-09-25;2015-09-25;20.5;2016
5704838;Emmanuel;CHOLLET;garçon;emmanuel.chollet@centralesupelec.fr;2015-10-25;2015-10-25;20.5;2016
1641799;Jean;BRICARD;M;jean.bricard@centralesupelec.fr;2015-09-27;2015-10-27;20.5;2016
455099;Antoinette;PERRAULT;fille;antoinette.perrault@centralesupelec.fr;2015-10-11;2015-10-11;20.5;2016
4121585;Colombe;LENOGUE;fille;colombe.lenogue@centralesupelec.fr;2015-10-21;2015-11-20;20.5;2016
9695784;Conchita;ROHARD;F;conchita.rohard@centralesupelec.fr;2015-10-05;2015-10-05;20.5;2016
3946299;Alberto;DEVEAU;M;alberto.deveau@centralesupelec.fr;2015-10-04;2015-10-04;20.5;2016
4124362;Renee;GANNE;F;renee.ganne@centralesupelec.fr;2015-10-08;2015-10-08;20.5;2016
934964;Anny;VOISINE;fille;anny.voisine@centralesupelec.fr;2015-10-27;2015-11-26;20.5;2016
6876230;Bérénice;VRAIN;fille;berenice.vrain@centralesupelec.fr;2015-10-18;2015-10-18;20.5;2016
7224833;Mariannick;DERSOIR;F;mariannick.dersoir@centralesupelec.fr;2015-09-26;2015-09-26;20.5;2016
8261444;Anick;PICHAUD;W;anick.pichaud@centralesupelec.fr;2015-09-20;2015-10-20;20.5;2016
943508;Cyriaque;MECHIN;M;cyriaque.mechin@centralesupelec.fr;2015-09-18;2015-10-18;20.5;2016
4884321;Geneviève;BLON;M;genevieve.blon@centralesupelec.fr;2015-09-21;2015-09-21;20.5;2016
6136699;Aymeric;POIRIER;H;aymeric.poirier@centralesupelec.fr;2015-09-29;2015-09-29;20.5;2016
4631172;Hamid;ALLUSSE;H;hamid.allusse@centralesupelec.fr;2015-10-19;2015-11-18;20.5;2016
455954;Florian;DIDIER;H;florian.didier@centralesupelec.fr;2015-10-05;2015-11-04;20.5;2016
3079755;Marie-Therese;RIBAULT;W;marie-therese.ribault@centralesupelec.fr;2015-10-02;2015-11-01;20.5;2016
3887446;Yolène;FRUCHET;F;yolene.fruchet@centralesupelec.fr;2015-09-19;2015-10-19;20.5;2016
2284632;Jean-Hervé;DA SILVA;H;jean-herve.da silva@centralesupelec.fr;2015-10-22;2015-11-21;20.5;2016
2605131;Romain;BLANCHARD;H;romain.blanchard@centralesupelec.fr;2015-10-16;2015-10-16;20.5;2016
102166;Jean-Richard;LEMESLE;M;jean-richard.lemesle@centralesupelec.fr;2015-10-10;2015-10-10;20.5;2016
6119439;Alison;CONSTANTIN;fille;alison.constantin@centralesupelec.fr;2015-10-20;2015-10-20;20.5;2016
375023;Honoré;LIVACHE;M;honore.livache@centralesupelec.fr;2015-09-30;2015-09-30;20.5;2016
4493579;Karine;MAINDRON;garçon;karine.maindron@centralesupelec.fr;2015-10-05;2015-10-05;20.5;2016
9483832;Carmelo;BARBIN;M;carmelo.barbin@centralesupelec.fr;2015-10-16;2015-11-15;20.5;2016
6360966;Eddie;PELLUAU;garçon;eddie.pelluau@centralesupelec.fr;2015-10-01;2015-10-01;20.5;2016
8171384;Thérèse-Marie;PICARD;fille;therese-marie.picard@centralesupelec.fr;2015-10-19;2015-10-19;20.5;2016
9896491;Raphaelle;BUSSON;fille;raphaelle.busson@centralesupelec.fr;2015-10-24;2015-10-24;20.5;2016
5879679;Siméon;CHATAIGNER;garçon;simeon.chataigner@centralesupelec.fr;2015-10-19;2015-10-19;20.5;2016
3280740;Emilienne;BRANCHU;W;emilienne.branchu@centralesupelec.fr;2015-09-15;2015-09-15;20.5;2016
1173540;Karin;GENTILHOMME;W;karin.gentilhomme@centralesupelec.fr;2015-09-21;2015-09-21;20.5;2016
8200792;David;MAILLET;W;david.maillet@centralesupelec.fr;2015-10-09;2015-10-09;20.5;2016
6124965;Marie Jeanne;RICHE;F;marie jeanne.riche@centralesupelec.fr;2015-10-16;2015-10-16;20.5;2016
1696413;Pierre André;LIZE;M;pierre andre.lize@centralesupelec.fr;2015-09-17;2015-09-17;20.5;2016
697403;Romuald;ROCHAIS;garçon;romuald.rochais@centralesupelec.fr;2015-10-10;2015-10-10;20.5;2016
2338037;Anicet;PAUL;garçon;anicet.paul@centralesupelec.fr;2015-10-10;2015-11-09;20.5;2016
7076940;Michele;FAUCHARD;M;michele.fauchard@centralesupelec.fr;2015-09-30;2015-09-30;20.5;2016
5559063;Magali;BLAITEAU;M;magali.blaiteau@centralesupelec.fr;2015-10-16;2015-10-16;20.5;2016
9419114;Cedric;FOULON;H;cedric.foulon@centralesupelec.fr;2015-09-24;2015-10-24;20.5;2016
8851085;Coralie;LATTE;W;coralie.latte@centralesupelec.fr;2015-10-23;2015-10-23;20.5;2016
1829605;Ariane;BOULLAIS;W;ariane.boullais@centralesupelec.fr;2015-10-18;2015-10-18;20.5;2016
7779709;Valerie;FRAQUET;H;valerie.fraquet@centralesupelec.fr;2015-09-19;;20.5;2016
7889033;Coralie;CHEVET;W;coralie.chevet@centralesupelec.fr;2015-09-24;2015-09-24;20.5;2016
6734111;Théo;DELARUE;M;theo.delarue@centralesupelec.fr;2015-10-20;2015-10-20;20.5;2016
4131535;Marie-Alice;LEGRAND;W;marie-alice.legrand@centralesupelec.fr;2015-09-21;2015-09-21;20.5;2016
5970331;Maryvonne;FOUGERE;W;maryvonne.fougere@centralesupelec.fr;2015-09-18;2015-09-18;20.5;2016
9302400;Karim;NAULEAU;H;karim.nauleau@centralesupelec.fr;2015-10-01;2015-10-01;20.5;2016
1178592;Christine;PROUST;H;christine.proust@centralesupelec.fr;2015-10-14;2015-10-14;20.5;2016
8132386;Mounir;HERBERT;garçon;mounir.herbert@centralesupelec.fr;2015-10-23;2015-10-23;20.5;2016
2077845;Fatiha;TESSIER;W;fatiha.tessier@centralesupelec.fr;2015-10-27;2015-10-27;20.5;2016
2319635;Jean-Maurice;RAGUENEAU;H;jean-maurice.ragueneau@centralesupelec.fr;2015-10-24;2015-10-24;20.5;2016
4244014;Thiery;LECLAIR;M;thiery.leclair@centralesupelec.fr;2015-09-18;2015-09-18;20.5;2016
8466471;Augustin;NOURRY;M;augustin.nourry@centralesupelec.fr;2015-09-20;2015-10-20;20.5;2016
8573060;Khadija;DOLLET;fille;khadija.dollet@centralesupelec.fr;2015-10-24;2015-10-24;20.5;2016
5855802;Franca;PLUMEJEAU;F;franca.plumejeau@centralesupelec.fr;2015-09-26;2015-09-26;20.5;2016
2708101;Jean-Marie;TAVEAU;garçon;jean-marie.taveau@centralesupelec.fr;2015-10-07;2015-11-06;20.5;2016
4988197;Dorothee;FEVRIER;F;dorothee.fevrier@centralesupelec.fr;2015-10-11;2015-10-11;20.5;2016
93782;Suzanne;AUBRY;H;suzanne.aubry@centralesupelec.fr;2015-10-11;2015-11-10;20.5;2016
8156351;Eugène;ANDRE;M;eugene.andre@centralesupelec.fr;2015-09-26;2015-09-26;20.5;2016
5749366;Marie-Angèle;RIVRON;W;marie-angele.rivron@centralesupelec.fr;2015-09-23;2015-10-23;20.5;2016
4049619;Anne-Charlotte;TURPIN;W;anne-charlotte.turpin@centralesupelec.fr;2015-09-29;2015-09-29;20.5;2016
8018418;Marianne;GALLET;M;marianne.gallet@centralesupelec.fr;2015-10-14;2015-10-14;20.5;2016
4226631;Thierry;MIGNOT;M;thierry.mignot@centralesupelec.fr;2015-09-16;2015-09-16;20.5;2016
6032026;Guylène;MORIN;F;guylene.morin@centralesupelec.fr;2015-10-05;2015-11-04;20.5;2016
9921861;Sylvestre;DEVY;H;sylvestre.devy@centralesupelec.fr;2015-10-04;2015-11-03;20.5;2016
5224127;Ernestine;BELANGER;F;ernestine.belanger@centralesupelec.fr;2015-09-18;2015-10-18;20.5;2016
4022307;Corine;HOMER;fille;corine.homer@centralesupelec.fr;2015-10-01;2015-10-01;20.5;2016
9629022;Cendrine;BOURBON;fille;cendrine.bourbon@centralesupelec.fr;2015-09-23;2015-09-23;20.5;2016
378085;Prosper;HUCHON;H;prosper.huchon@centralesupelec.fr;2015-10-02;2015-10-02;20.5;2016
7183635;Marie-Jeanne;DUBREUIL;garçon;marie-jeanne.dubreuil@centralesupelec.fr;2015-09-22;2015-10-22;20.5;2016
8667146;Jeremy;AUBINEAU;H;jeremy.aubineau@centralesupelec.fr;2015-09-30;2015-10-30;20.5;2016
6218844;Meriem;CHUDEAU;W;meriem.chudeau@centralesupelec.fr;2015-10-22;2015-10-22;20.5;2016
8449224;Ahmed;LHERMITEAU;H;ahmed.lhermiteau@centralesupelec.fr;2015-10-15;2015-10-15;20.5;2016
6066463;Janick;COUDERT;W;janick.coudert@centralesupelec.fr;2015-10-20;2015-11-19;20.5;2016
7367140;Joël;GRIFFON;fille;joel.griffon@centralesupelec.fr;2015-09-17;2015-09-17;20.5;2016
5654485;Rachel;CLAUDE;M;rachel.claude@centralesupelec.fr;2015-09-22;2015-09-22;20.5;2016
6223280;Martial;FRETTE;M;martial.frette@centralesupelec.fr;2015-09-26;2015-09-26;20.5;2016
9754036;Dorothée;BIENVENU;W;dorothee.bienvenu@centralesupelec.fr;2015-09-28;2015-10-28;20.5;2016
7279332;Lorène;TREMBLAY;W;lorene.tremblay@centralesupelec.fr;2015-10-10;2015-10-10;20.5;2016
8559938;Rose-May;CRESPIN;W;rose-may.crespin@centralesupelec.fr;2015-10-13;2015-11-12;20.5;2016
8298694;Diego;PETIT;H;diego.petit@centralesupelec.fr;2015-09-22;2015-09-22;20.5;2016
8113264;Georges;TRICOT;garçon;georges.tricot@centralesupelec.fr;2015-09-27;2015-09-27;20.5;2016
7469007;Stephane;UZUREAU;garçon;stephane.uzureau@centralesupelec.fr;2015-09-22;2015-09-22;20.5;2016
3060112;Guilhem;DELAPORTE;garçon;guilhem.delaporte@centralesupelec.fr;2015-10-20;2015-10-20;20.5;2016
9325041;Magalie;BAZANTE;F;magalie.bazante@centralesupelec.fr;2015-09-24;2015-10-24;20.5;2016
3614841;Jeanne Marie;HERY;F;jeanne marie.hery@centralesupelec.fr;2015-10-09;2015-10-09;20.5;2016
7095740;Flora;HUBAULT;fille;flora.hubault@centralesupelec.fr;2015-10-23;2015-11-22;20.5;2016
660365;Annabel;CROSNIER;fille;annabel.crosnier@centralesupelec.fr;2015-10-26;;20.5;2016
3339188;Marie-Elisabeth;VIVION;W;marie-elisabeth.vivion@centralesupelec.fr;2015-09-18;2015-09-18;20.5;2016
5810703;Severine;REBONDY;W;severine.rebondy@centralesupelec.fr;2015-10-16;2015-10-16;20.5;2016
3826518;Gina;BELANGER;W;gina.belanger@centralesupelec.fr;2015-10-06;;20.5;2016
2883408;Fernando;BENARD;M;fernando.benard@centralesupelec.fr;2015-10-13;2015-10-13;20.5;2016
9437095;Werner;HULLIN;M;werner.hullin@centralesupelec.fr;2015-09-16;2015-09-16;20.5;2016
5744405;Lisette;JOURDAIN;fille;lisette.jourdain@centralesupelec.fr;2015-09-25;2015-09-25;20.5;2016
9405837;Marinette;JURET;W;marinette.juret@centralesupelec.fr;2015-10-18;2015-10-18;20.5;2016
3500040;Frédérique;EVAIN;fille;frederique.evain@centralesupelec.fr;2015-10-05;2015-11-04;20.5;2016
5679002;Solenne;BLANCHARD;W;solenne.blanchard@centralesupelec.fr;2015-10-26;2015-11-25;20.5;2016
9094742;Thérèse-Marie;THOMAS;F;therese-marie.thomas@centralesupelec.fr;2015-09-20;2015-09-20;20.5;2016
7489903;Davy;ALEXANDRE;M;davy.alexandre@centralesupelec.fr;2015-09-24;2015-09-24;20.5;2016
9413847;Tamara;CHOLET;fille;tamara.cholet@centralesupelec.fr;2015-09-23;2015-10-23;20.5;2016
7311187;Hugo;DESHAYES;M;hugo.deshayes@centralesupelec.fr;2015-10-12;2015-10-12;20.5;2016
8203047;Désiré;POTTIER;H;desire.pottier@centralesupelec.fr;2015-10-24;2015-10-24;20.5;2016
5928897;Assia;TELLIER;F;assia.tellier@centralesupelec.fr;2015-09-20;;20.5;2016
8687526;Sylvine;CHEVET;W;sylvine.chevet@centralesupelec.fr;2015-10-05;2015-10-05;20.5;2016
3411639;Annaïck;CRETIN;F;annaick.cretin@centralesupelec.fr;2015-10-21;2015-11-20;20.5;2016
8516750;Irénée;DEVEAU;garçon;irenee.deveau@centralesupelec.fr;2015-10-10;2015-11-09;20.5;2016
5352488;Pauline;JOLIVET;F;pauline.jolivet@centralesupelec.fr;2015-10-08;2015-10-08;20.5;2016
7101049;Daniela;DINAND;fille;daniela.dinand@centralesupelec.fr;2015-10-18;2015-11-17;20.5;2016
6359723;Axel;POITOU;garçon;axel.poitou@centralesupelec.fr;2015-09-28;2015-10-28;20.5;2016
982945;Romaric;ESNARD;M;romaric.esnard@centralesupelec.fr;2015-10-17;2015-11-16;20.5;2016
9428129;Florine;DUBIN;F;florine.dubin@centralesupelec.fr;2015-10-22;2015-11-21;20.5;2016
5633652;Jerôme;FLECHEAU;M;jerome.flecheau@centralesupelec.fr;2015-10-22;2015-10-22;20.5;2016
6976364;Juliana;BRECHETEAU;fille;juliana.brecheteau@centralesupelec.fr;2015-09-27;2015-09-27;20.5;2016
9480248;Nathalie;HAYER;H;nathalie.hayer@centralesupelec.fr;2015-10-20;2015-11-19;20.5;2016
9034456;Arnold;COUTAND;H;arnold.coutand@centralesupelec.fr;2015-10-22;2015-10-22;20.5;2016
3767273;Flavienne;ALLARD;F;flavienne.allard@centralesupelec.fr;2015-09-15;2015-09-15;20.5;2016
8710431;Richard;BLUTEAU;M;richard.bluteau@centralesupelec.fr;2015-10-05;2015-10-05;20.5;2016
7662077;Gianni;BARBARIN;M;gianni.barbarin@centralesupelec.fr;2015-09-17;2015-09-17;20.5;2016
2038955;Roger;BOURSIER;garçon;roger.boursier@centralesupelec.fr;2015-10-14;2015-10-14;20.5;2016
2838672;Armel;BOCHEREAU;H;armel.bochereau@centralesupelec.fr;2015-09-28;2015-10-28;20.5;2016
6159800;Daniel;LETOURNEAU;garçon;daniel.letourneau@centralesupelec.fr;2015-10-20;2015-10-20;20.5;2016
4280311;Claire;COSNARD;garçon;claire.cosnard@centralesupelec.fr;2015-09-27;2015-10-27;20.5;2016
3703398;Dalila;LEMAITRE;W;dalila.lemaitre@centralesupelec.fr;2015-10-02;2015-10-02;20.5;2016
8175073;Maggy;FRAPPREAU;F;maggy.frappreau@centralesupelec.fr;2015-09-26;2015-09-26;20.5;2016
519831;Kathy;SALE;F;kathy.sale@centralesupelec.fr;2015-09-18;2015-10-18;20.5;2016
9535159;Louis;DESBOIS;M;louis.desbois@centralesupelec.fr;2015-09-26;2015-09-26;20.5;2016
6274814;Marie-Pierre;CAILLE;H;marie-pierre.caille@centralesupelec.fr;2015-09-23;2015-10-23;20.5;2016
7094369;Laurence;TURPAULT;fille;laurence.turpault@centralesupelec.fr;2015-10-03;2015-10-03;20.5;2016
2179736;Joël;BREAU;fille;joel.breau@centralesupelec.fr;2015-09-14;2015-09-14;20.5;2016
3049600;Quentin;AVRILLON;H;quentin.avrillon@centralesupelec.fr;2015-10-27;2015-10-27;20.5;2016
9598109;Marie-Rose;LANGE;fille;marie-rose.lange@centralesupelec.fr;2015-10-03;;20.5;2016
9874366;Marie Françoise;BOURDAIS;W;marie francoise.bourdais@centralesupelec.fr;2015-10-04;2015-10-04;20.5;2016
254339;Omar;BODIN;garçon;omar.bodin@centralesupelec.fr;2015-10-10;2015-10-10;20.5;2016
9094168;Sylvian;THOREAU;M;sylvian.thoreau@centralesupelec.fr;2015-09-20;2015-09-20;20.5;2016
4430853;Pierre;DAVY;garçon;pierre.davy@centralesupelec.fr;2015-09-28;2015-09-28;20.5;2016
5974057;Valéry;GUICHARD;M;valery.guichard@centralesupelec.fr;2015-09-28;2015-10-28;20.5;2016
1321828;Bernard;SAUVAGET;H;bernard.sauvaget@centralesupelec.fr;2015-09-19;2015-09-19;20.5;2016
2581714;Claudine;ROBICHON;garçon;claudine.robichon@centralesupelec.fr;2015-10-01;2015-10-31;20.5;2016
519158;Martin;MARCEAU;H;martin.marceau@centralesupelec.fr;2015-10-22;2015-10-22;20.5;2016
2643998;Marie-Neige;EVEILLARD;F;marie-neige.eveillard@centralesupelec.fr;2015-10-13;2015-10-13;20.5;2016
7066039;Jean Paul;GUIMBRETIERE;garçon;jean paul.guimbretiere@centralesupelec.fr;2015-10-20;2015-10-20;20.5;2016
2711330;Francisque;BLUTEAU;H;francisque.bluteau@centralesupelec.fr;2015-10-19;2015-10-19;20.5;2016
7967859;Marie-Danielle;ETIENNE;F;marie-danielle.etienne@centralesupelec.fr;2015-10-01;2015-10-01;20.5;2016
5620513;Marie Claude;CAILLEAUD;W;marie claude.cailleaud@centralesupelec.fr;2015-10-10;2015-10-10;20.5;2016
1673058;Marie Renée;GATE;W;marie renee.gate@centralesupelec.fr;2015-09-17;2015-09-17;20.5;2016
6657126;Elvis;RABINEAU;H;elvis.rabineau@centralesupelec.fr;2015-09-23;2015-09-23;20.5;2016
361092;Jean-Lou;LEAU;M;jean-lou.leau@centralesupelec.fr;2015-10-07;2015-11-06;20.5;2016
6939093;Angéla;PLESSIS;F;angela.plessis@centralesupelec.fr;2015-10-06;2015-10-06;20.5;2016
9440070;Samir;SUROT;H;samir.surot@centralesupelec.fr;2015-10-22;2015-11-21;20.5;2016
8186899;Rebecca;BREAU;fille;rebecca.breau@centralesupelec.fr;2015-09-27;2015-09-27;20.5;2016
1691150;Eric;CLENET;M;eric.clenet@centralesupelec.fr;2015-10-21;2015-11-20;20.5;2016
9876669;Gaetan;LAMOUREUX;garçon;gaetan.lamoureux@centralesupelec.fr;2015-10-02;2015-11-01;20.5;2016
5033619;Driss;CHARPENTIER;H;driss.charpentier@centralesupelec.fr;2015-10-26;2015-10-26;20.5;2016
2104286;Marie-Caroline;LEMAITRE;F;marie-caroline.lemaitre@centralesupelec.fr;2015-09-30;2015-09-30;20.5;2016
6606927;Salima;GUILBAULT;fille;salima.guilbault@centralesupelec.fr;2015-10-26;2015-10-26;20.5;2016
4296479;Saliha;BOISNAULT;W;saliha.boisnault@centralesupelec.fr;2015-10-03;;20.5;2016
6532698;Adeline;HOUET;fille;adeline.houet@centralesupelec.fr;2015-09-16;2015-10-16;20.5;2016
738600;Rodolphe;LUMINEAU;H;rodolphe.lumineau@centralesupelec.fr;2015-09-26;2015-10-26;20.5;2016
6112233;Jean Charles;RAHARD;H;jean charles.rahard@centralesupelec.fr;2015-10-12;2015-11-11;20.5;2016
1212318;Pierre Louis;BAUDON;garçon;pierre louis.baudon@centralesupelec.fr;2015-09-18;2015-10-18;20.5;2016
3900634;Saadia;GAULT;W;saadia.gault@centralesupelec.fr;2015-09-21;2015-10-21;20.5;2016
5676653;Renaud;BOUIN;H;renaud.bouin@centralesupelec.fr;2015-09-15;;20.5;2016
4480087;Adam;GOHIER;garçon;adam.gohier@centralesupelec.fr;2015-10-02;2015-11-01;20.5;2016
9232177;Mathieu;BONDU;garçon;mathieu.bondu@centralesupelec.fr;2015-10-19;2015-10-19;20.5;2016
8449746;Salah;HUPONT;H;salah.hupont@centralesupelec.fr;2015-09-28;2015-09-28;20.5;2016
5491107;Rodrigue;JOUANNEAU;H;rodrigue.jouanneau@centralesupelec.fr;2015-10-19;2015-10-19;20.5;2016
5500184;Christianne;BIOTTEAU;W;christianne.biotteau@centralesupelec.fr;2015-09-12;2015-09-12;20.5;2016
7505370;Félicie;BORDEAU;F;felicie.bordeau@centralesupelec.fr;2015-10-09;2015-10-09;20.5;2016
9149537;Edward;FUZEAU;H;edward.fuzeau@centralesupelec.fr;2015-09-27;2015-09-27;20.5;2016
6655783;Zineb;ALGOURDIN;W;zineb.algourdin@centralesupelec.fr;2015-10-21;2015-10-21;20.5;2016
137467;Jean-Lucien;LEVESQUE;H;jean-lucien.levesque@centralesupelec.fr;2015-10-25;2015-10-25;20.5;2016
5431327;Moise;LORRE;M;moise.lorre@centralesupelec.fr;2015-10-24;2015-11-23;20.5;2016
4239962;Conchita;SUTEAU;fille;conchita.suteau@centralesupelec.fr;2015-10-12;2015-10-12;20.5;2016
1653783;Erick;RUEL;garçon;erick.ruel@centralesupelec.fr;2015-10-16;;20.5;2016
8446594;Alexia;CHAIGNEAU;fille;alexia.chaigneau@centralesupelec.fr;2015-10-27;2015-10-27;20.5;2016
8347453;Régine;GEORGET;M;regine.georget@centralesupelec.fr;2015-09-22;2015-09-22;20.5;2016
2571528;Samira;CHAUVIERE;W;samira.chauviere@centralesupelec.fr;2015-10-09;2015-11-08;20.5;2016
3532542;Linda;CIROT;F;linda.cirot@centralesupelec.fr;2015-09-13;2015-10-13;20.5;2016
8788150;Elizabeth;PERRAULT;F;elizabeth.perrault@centralesupelec.fr;2015-10-08;2015-10-08;20.5;2016
2385670;Marie Dominique;BEUROIS;F;marie dominique.beurois@centralesupelec.fr;2015-09-29;2015-09-29;20.5;2016
9828995;Christophe;BARRAUD;W;christophe.barraud@centralesupelec.fr;2015-09-22;2015-09-22;20.5;2016
6638000;David;JADAUD;fille;david.jadaud@centralesupelec.fr;2015-09-12;;20.5;2016
1963506;Vivien;RELION;garçon;vivien.relion@centralesupelec.fr;2015-10-21;2015-10-21;20.5;2016
2466003;Leon;SOULARD;garçon;leon.soulard@centralesupelec.fr;2015-09-30;2015-09-30;20.5;2016
1946716;Romaric;CHOQUET;garçon;romaric.choquet@centralesupelec.fr;2015-09-15;2015-09-15;20.5;2016
9893872;Donat;ABELLARD;H;donat.abellard@centralesupelec.fr;2015-10-06;2015-10-06;20.5;2016
1094114;Anne-Yvonne;DELAGE;F;anne-yvonne.delage@centralesupelec.fr;2015-09-14;2015-09-14;20.5;2016
7404021;Gervais;MORIN;M;gervais.morin@centralesupelec.fr;2015-09-14;2015-10-14;20.5;2016
3122629;Gautier;DELAPORTE;garçon;gautier.delaporte@centralesupelec.fr;2015-09-25;2015-10-25;20.5;2016
3530514;Helen;RABINEAU;F;helen.rabineau@centralesupelec.fr;2016-10-15;2016-10-15;25.5;2017
7208231;Florian;COEFFARD;M;florian.coeffard@centralesupelec.fr;2016-10-23;2016-11-22;25.5;2017
3911039;Christiane;LE GOFF;W;christiane.le goff@centralesupelec.fr;2016-10-21;;25.5;2017
5876984;Jacob;ROUSSIERE;garçon;jacob.roussiere@centralesupelec.fr;2016-09-29;2016-09-29;25.5;2017
3349644;Carinne;BABARIT;F;carinne.babarit@centralesupelec.fr;2016-10-12;2016-10-12;25.5;2017
2321657;Léonie;RELION;F;leonie.relion@centralesupelec.fr;2016-10-17;2016-11-16;25.5;2017
2357186;Marie-Helene;COUVREUR;W;marie-helene.couvreur@centralesupelec.fr;2016-09-27;2016-09-27;25.5;2017
4265828;Denis;HODE;fille;denis.hode@centralesupelec.fr;2016-09-29;2016-09-29;25.5;2017
2665152;Marie Odile;REVEILLERE;W;marie odile.reveillere@centralesupelec.fr;2016-09-15;2016-09-15;25.5;2017
4583291;Suzy;COSNARD;fille;suzy.cosnard@centralesupelec.fr;2016-10-09;2016-10-09;25.5;2017
6060655;Gina;GUILLEMET;fille;gina.guillemet@centralesupelec.fr;2016-10-22;2016-11-21;25.5;2017
1663442;Théodore;BOMARD;garçon;theodore.bomard@centralesupelec.fr;2016-10-18;2016-11-17;25.5;2017
1372826;Guy-Marie;FREMY;H;guy-marie.fremy@centralesupelec.fr;2016-09-18;2016-09-18;25.5;2017
1125045;Chantale;ROGER;W;chantale.roger@centralesupelec.fr;2016-10-14;2016-10-14;25.5;2017
5991458;Chrystele;DUBOIS;F;chrystele.dubois@centralesupelec.fr;2016-10-04;2016-10-04;25.5;2017
1470462;Mohamed;DOUCET;H;mohamed.doucet@centralesupelec.fr;2016-10-26;2016-11-25;25.5;2017
400929;Vincenzo;EDIN;H;vincenzo.edin@centralesupelec.fr;2016-10-13;2016-10-13;25.5;2017
1942196;Constantin;LIZE;H;constantin.lize@centralesupelec.fr;2016-10-06;2016-11-05;25.5;2017
1548313;Claude;PAULEAU;F;claude.pauleau@centralesupelec.fr;2016-10-14;;25.5;2017
6370815;Marie-Josee;FRADIN;W;marie-josee.fradin@centralesupelec.fr;2016-10-11;2016-10-11;25.5;2017
5905613;Fany;LE ROY;W;fany.le roy@centralesupelec.fr;2016-10-20;2016-10-20;25.5;2017
7812504;Steeve;LUCAS;H;steeve.lucas@centralesupelec.fr;2016-09-22;2016-10-22;25.5;2017
4309490;Frédéric;BASLE;W;frederic.basle@centralesupelec.fr;2016-09-15;2016-09-15;25.5;2017
6987488;Lise-Marie;BEAUMIER;W;lise-marie.beaumier@centralesupelec.fr;2016-10-23;2016-10-23;25.5;2017
9060073;Gilbert;MARQUET;M;gilbert.marquet@centralesupelec.fr;2016-10-16;2016-10-16;25.5;2017
9419081;Arnauld;MESNARD;garçon;arnauld.mesnard@centralesupelec.fr;2016-10-08;2016-10-08;25.5;2017
1865983;Jean-Léon;CHEREAU;H;jean-leon.chereau@centralesupelec.fr;2016-10-01;2016-10-01;25.5;2017
4142842;Jean-José;BONNEAU;M;jean-jose.bonneau@centralesupelec.fr;2016-10-05;2016-10-05;25.5;2017
4143600;Santiago;HURTAUD;M;santiago.hurtaud@centralesupelec.fr;2016-09-20;2016-09-20;25.5;2017
2184742;Halima;CHALLIER;fille;halima.challier@centralesupelec.fr;2016-09-19;2016-09-19;25.5;2017
7997977;Eva;SORIN;fille;eva.sorin@centralesupelec.fr;2016-09-25;2016-09-25;25.5;2017
1562758;Pascaline;DUPONT;W;pascaline.dupont@centralesupelec.fr;2016-10-13;2016-11-12;25.5;2017
2492393;Moussa;LEMOINE;H;moussa.lemoine@centralesupelec.fr;2016-09-14;2016-10-14;25.5;2017
3552069;Francisco;BIEMON;H;francisco.biemon@centralesupelec.fr;2016-09-24;2016-10-24;25.5;2017
3654631;Noëlle;BLOT;M;noelle.blot@centralesupelec.fr;2016-09-18;2016-09-18;25.5;2017
6690661;Flavie;BEAUPERIN;fille;flavie.beauperin@centralesupelec.fr;2016-09-28;2016-09-28;25.5;2017
3770467;René-Claude;MEIGNANT;M;rene-claude.meignant@centralesupelec.fr;2016-10-14;2016-11-13;25.5;2017
6555383;Bruce;BEAUFRETON;garçon;bruce.beaufreton@centralesupelec.fr;2016-09-11;2016-09-11;25.5;2017
3273815;John;RIVAULT;garçon;john.rivault@centralesupelec.fr;2016-09-14;2016-10-14;25.5;2017
3806289;Frédérique;MOREAU;W;frederique.moreau@centralesupelec.fr;2016-09-23;2016-09-23;25.5;2017
5668218;Gildas;LIBAUD;garçon;gildas.libaud@centralesupelec.fr;2016-10-06;2016-10-06;25.5;2017
5547837;Guilaine;PICHONNEAU;fille;guilaine.pichonneau@centralesupelec.fr;2016-10-11;2016-10-11;25.5;2017
7272063;Valérie;MAILLOCHON;fille;valerie.maillochon@centralesupelec.fr;2016-09-11;2016-09-11;25.5;2017
5421882;Pierre Louis;PRIEUR;H;pierre louis.prieur@centralesupelec.fr;2016-10-07;2016-10-07;25.5;2017
5902875;Olivier;MAHE;M;olivier.mahe@centralesupelec.fr;2016-10-23;2016-10-23;25.5;2017
2598785;Marie-Josée;COULONNIER;fille;marie-josee.coulonnier@centralesupelec.fr;2016-10-11;2016-10-11;25.5;2017
3043614;Dany;LIGER;H;dany.liger@centralesupelec.fr;2016-09-16;2016-10-16;25.5;2017
7035795;Bénédicte;ETOURNEUX;garçon;benedicte.etourneux@centralesupelec.fr;2016-10-09;2016-10-09;25.5;2017
1841688;Anne-Yvonne;BITEAU;W;anne-yvonne.biteau@centralesupelec.fr;2016-09-20;2016-09-20;25.5;2017
8354927;Jean-Georges;LEPAGE;H;jean-georges.lepage@centralesupelec.fr;2016-09-28;2016-09-28;25.5;2017
9377131;Elio;LEROUX;M;elio.leroux@centralesupelec.fr;2016-09-22;2016-10-22;25.5;2017
8889641;Salah;GAILLARD;garçon;salah.gaillard@centralesupelec.fr;2016-09-20;2016-10-20;25.5;2017
5106993;Marie-Amélie;DELORME;F;marie-amelie.delorme@centralesupelec.fr;2016-10-09;2016-10-09;25.5;2017
4434849;Gisèle;ANDRAULT;W;gisele.andrault@centralesupelec.fr;2016-10-11;2016-10-11;25.5;2017
8623571;Kheira;ROTUREAU;W;kheira.rotureau@centralesupelec.fr;2016-10-24;2016-10-24;25.5;2017
2904145;Djamila;CHEVRIER;W;djamila.chevrier@centralesupelec.fr;2016-10-25;2016-10-25;25.5;2017
2464497;Maggy;LELIEVRE;fille;maggy.lelievre@centralesupelec.fr;2016-10-12;2016-10-12;25.5;2017
1119943;Maude;ALGOURDIN;fille;maude.algourdin@centralesupelec.fr;2016-10-09;2016-11-08;25.5;2017
3479955;Marie-Elisabeth;RAVARY;F;marie-elisabeth.ravary@centralesupelec.fr;2016-10-15;2016-10-15;25.5;2017
1898596;Keith;BUROT;H;keith.burot@centralesupelec.fr;2016-09-20;2016-09-20;25.5;2017
6507216;Paul-André;LEFEVRE;H;paul-andre.lefevre@centralesupelec.fr;2016-10-12;2016-11-11;25.5;2017
2506071;Anne-Claire;JADEAU;fille;anne-claire.jadeau@centralesupelec.fr;2016-10-17;2016-10-17;25.5;2017
5089004;Vincenza;DELAHAIE;fille;vincenza.delahaie@centralesupelec.fr;2016-10-24;2016-10-24;25.5;2017
6802351;Muguette;MONNIER;W;muguette.monnier@centralesupelec.fr;2016-10-05;2016-10-05;25.5;2017
2206687;Marie Paule;GODEFROY;F;marie paule.godefroy@centralesupelec.fr;2016-10-03;2016-10-03;25.5;2017
15560;Astride;MAROLLEAU;F;astride.marolleau@centralesupelec.fr;2016-10-13;2016-10-13;25.5;2017
4478217;Bénédicte;BOUHIRON;W;benedicte.bouhiron@centralesupelec.fr;2016-10-18;2016-10-18;25.5;2017
2892019;Fatima;PONTONNIER;W;fatima.pontonnier@centralesupelec.fr;2016-10-22;2016-10-22;25.5;2017
1663405;Lilianne;BUCHER;F;lilianne.bucher@centralesupelec.fr;2016-09-28;2016-09-28;25.5;2017
9976281;Jean-Richard;RAPICAULT;M;jean-richard.rapicault@centralesupelec.fr;2016-09-29;2016-09-29;25.5;2017
1710322;Siegfried;GRANDIN;H;siegfried.grandin@centralesupelec.fr;2016-10-21;2016-10-21;25.5;2017
3805079;Antonin;CHESNE;garçon;antonin.chesne@centralesupelec.fr;2016-10-23;2016-10-23;25.5;2017
2854528;Yannik;MANDIN;garçon;yannik.mandin@centralesupelec.fr;2016-10-21;2016-10-21;25.5;2017
3615984;Corinne;SAVARIT;H;corinne.savarit@centralesupelec.fr;2016-10-23;2016-10-23;25.5;2017
7970054;Soraya;BRECHET;F;soraya.brechet@centralesupelec.fr;2016-09-24;2016-09-24;25.5;2017
5261469;Veronique;PAVIE;fille;veronique.pavie@centralesupelec.fr;2016-09-28;2016-09-28;25.5;2017
1946951;Ladislas;LIBAUD;garçon;ladislas.libaud@centralesupelec.fr;2016-10-04;2016-10-04;25.5;2017
3228023;Gaël;BOUGET;garçon;gael.bouget@centralesupelec.fr;2016-09-22;;25.5;2017
583497;Gaelle;MAHOT;fille;gaelle.mahot@centralesupelec.fr;2016-09-13;2016-09-13;25.5;2017
8826644;Marguerite;RAPICAULT;F;marguerite.rapicault@centralesupelec.fr;2016-09-30;2016-09-30;25.5;2017
1954763;Emile;RICHER;H;emile.richer@centralesupelec.fr;2016-10-08;2016-10-08;25.5;2017
6804773;Aurélien;HOMER;garçon;aurelien.homer@centralesupelec.fr;2016-10-21;2016-10-21;25.5;2017
7327945;Dolorès;GAUGAIN;fille;dolores.gaugain@centralesupelec.fr;2016-10-08;2016-10-08;25.5;2017
1535695;Monique;HARDOUIN;garçon;monique.hardouin@centralesupelec.fr;2016-10-05;2016-10-05;25.5;2017
9365834;Marie-Charlotte;PRUD HOMME;W;marie-charlotte.prud homme@centralesupelec.fr;2016-10-18;;25.5;2017
9396096;Claude;MAROT;F;claude.marot@centralesupelec.fr;2016-10-05;2016-11-04;25.5;2017
9179052;Georgette;SALLE;garçon;georgette.salle@centralesupelec.fr;2016-09-19;2016-09-19;25.5;2017
7777355;Marie-Hélène;BENETEAU;garçon;marie-helene.beneteau@centralesupelec.fr;2016-10-17;2016-10-17;25.5;2017
2385208;Bertille;MOUILLE;W;bertille.mouille@centralesupelec.fr;2016-10-09;2016-11-08;25.5;2017
3654438;Walter;LAVENIER;H;walter.lavenier@centralesupelec.fr;2016-10-17;2016-10-17;25.5;2017
9710923;Yannick;VEAU;F;yannick.veau@centralesupelec.fr;2016-09-16;2016-09-16;25.5;2017
8024999;Pierre-Michel;LOISON;M;pierre-michel.loison@centralesupelec.fr;2016-10-06;2016-10-06;25.5;2017
912013;Bénédicte;CARRE;garçon;benedicte.carre@centralesupelec.fr;2016-10-10;2016-10-10;25.5;2017
860488;Malou;PIFFARD;fille;malou.piffard@centralesupelec.fr;2016-10-18;2016-10-18;25.5;2017
785189;Philippe;POINTEAU;M;philippe.pointeau@centralesupelec.fr;2016-09-26;2016-09-26;25.5;2017
9061188;Omar;BERTAUD;H;omar.bertaud@centralesupelec.fr;2016-10-05;2016-10-05;25.5;2017
9585535;Félicie;SOULARD;fille;felicie.soulard@centralesupelec.fr;2016-09-14;2016-09-14;25.5;2017
8486227;Marie-Michèle;PERRAULT;fille;marie-michele.perrault@centralesupelec.fr;2016-09-18;2016-10-18;25.5;2017
4049986;Natalie;MILLERAND;F;natalie.millerand@centralesupelec.fr;2016-09-27;;25.5;2017
1542780;Peggy;GENDRY;W;peggy.gendry@centralesupelec.fr;2016-09-14;2016-10-14;25.5;2017
4207744;Gaby;PANNEAU;H;gaby.panneau@centralesupelec.fr;2016-10-01;2016-10-01;25.5;2017
1116284;Marian;LEMAITRE;garçon;marian.lemaitre@centralesupelec.fr;2016-10-03;2016-10-03;25.5;2017
7706672;Vivien;CHEVAL;M;vivien.cheval@centralesupelec.fr;2016-09-26;2016-09-26;25.5;2017
4433959;Marie-Helene;NOEL;F;marie-helene.noel@centralesupelec.fr;2016-10-18;2016-10-18;25.5;2017
1884033;Carine;REVEILLERE;F;carine.reveillere@centralesupelec.fr;2016-10-22;2016-10-22;25.5;2017
8387309;Joël;HARDOU;F;joel.hardou@centralesupelec.fr;2016-09-13;2016-10-13;25.5;2017
866293;Lise-Marie;SAUVETRE;W;lise-marie.sauvetre@centralesupelec.fr;2016-10-19;2016-11-18;25.5;2017
9492774;Dorothée;PINARD;fille;dorothee.pinard@centralesupelec.fr;2016-09-15;2016-10-15;25.5;2017
423898;Hafida;BOUGREAU;W;hafida.bougreau@centralesupelec.fr;2016-10-22;2016-10-22;25.5;2017
1175545;Jacki;BEZIE;garçon;jacki.bezie@centralesupelec.fr;2016-09-26;2016-10-26;25.5;2017
494042;Katell;PAYRAUDEAU;F;katell.payraudeau@centralesupelec.fr;2016-10-22;2016-10-22;25.5;2017
8512871;Adeline;PIRONNEAU;W;adeline.pironneau@centralesupelec.fr;2016-09-12;2016-09-12;25.5;2017
1737366;Alvaro;LAMBERT;garçon;alvaro.lambert@centralesupelec.fr;2016-10-20;2016-11-19;25.5;2017
1950948;Marinette;CERISIER;fille;marinette.cerisier@centralesupelec.fr;2016-09-27;2016-09-27;25.5;2017
7761100;Karl;BOUTET;H;karl.boutet@centralesupelec.fr;2016-10-16;2016-10-16;25.5;2017
7009087;Daniela;POILANE;fille;daniela.poilane@centralesupelec.fr;2016-10-11;2016-10-11;25.5;2017
6424608;Marie-Lise;JOUAN;F;marie-lise.jouan@centralesupelec.fr;2016-10-12;2016-10-12;25.5;2017
4121585;Colombe;LENOGUE;fille;colombe.lenogue@centralesupelec.fr;2016-10-21;2016-10-21;25.5;2017
7747843;Julio;COTTIN;M;julio.cottin@centralesupelec.fr;2016-10-06;2016-11-05;25.5;2017
4583912;Clothilde;BACHELOT;F;clothilde.bachelot@centralesupelec.fr;2016-09-23;2016-09-23;25.5;2017
4651705;Raphaële;PROVOST;W;raphaele.provost@centralesupelec.fr;2016-09-24;2016-09-24;25.5;2017
934964;Anny;VOISINE;fille;anny.voisine@centralesupelec.fr;2016-10-21;2016-10-21;25.5;2017
7224833;Mariannick;DERSOIR;F;mariannick.dersoir@centralesupelec.fr;2016-09-29;2016-10-29;25.5;2017
4647388;Pascale;BASSET;fille;pascale.basset@centralesupelec.fr;2016-10-15;2016-10-15;25.5;2017
4017805;Arsène;GALICHET;garçon;arsene.galichet@centralesupelec.fr;2016-10-11;2016-10-11;25.5;2017
8261444;Anick;PICHAUD;W;anick.pichaud@centralesupelec.fr;2016-09-25;2016-09-25;25.5;2017
4884321;Geneviève;BLON;M;genevieve.blon@centralesupelec.fr;2016-10-22;2016-10-22;25.5;2017
5499953;Jim;GACHET;garçon;jim.gachet@centralesupelec.fr;2016-09-21;;25.5;2017
4407803;Mohamed;LACROIX;garçon;mohamed.lacroix@centralesupelec.fr;2016-10-18;2016-10-18;25.5;2017
606392;Cédric;ANDORIN;H;cedric.andorin@centralesupelec.fr;2016-09-25;;25.5;2017
455954;Florian;DIDIER;H;florian.didier@centralesupelec.fr;2016-09-11;2016-10-11;25.5;2017
3079755;Marie-Therese;RIBAULT;W;marie-therese.ribault@centralesupelec.fr;2016-10-17;2016-10-17;25.5;2017
923898;Alban;PERRAY;H;alban.perray@centralesupelec.fr;2016-10-23;2016-11-22;25.5;2017
5568177;Jean-Guillaume;BORDEAU;H;jean-guillaume.bordeau@centralesupelec.fr;2016-10-08;2016-10-08;25.5;2017
3928901;Jluc;DESCHAMPS;H;jluc.deschamps@centralesupelec.fr;2016-10-09;2016-10-09;25.5;2017
3887446;Yolène;FRUCHET;F;yolene.fruchet@centralesupelec.fr;2016-10-06;2016-10-06;25.5;2017
2284632;Jean-Hervé;DA SILVA;H;jean-herve.da silva@centralesupelec.fr;2016-10-03;2016-11-02;25.5;2017
9341406;Joachim;PLUMEJEAU;H;joachim.plumejeau@centralesupelec.fr;2016-09-22;2016-09-22;25.5;2017
1674550;Vivian;HACAULT;garçon;vivian.hacault@centralesupelec.fr;2016-09-16;2016-09-16;25.5;2017
9848855;Lysianne;BEILLARD;fille;lysianne.beillard@centralesupelec.fr;2016-10-09;2016-10-09;25.5;2017
7894397;Jean Maurice;REIGNIER;M;jean maurice.reignier@centralesupelec.fr;2016-10-22;2016-10-22;25.5;2017
9483832;Carmelo;BARBIN;M;carmelo.barbin@centralesupelec.fr;2016-09-12;2016-09-12;25.5;2017
1347587;Josyane;CHEMINEAU;W;josyane.chemineau@centralesupelec.fr;2016-09-15;2016-09-15;25.5;2017
1143837;Sergio;BOURON;garçon;sergio.bouron@centralesupelec.fr;2016-10-11;2016-10-11;25.5;2017
1173540;Karin;GENTILHOMME;W;karin.gentilhomme@centralesupelec.fr;2016-09-20;;25.5;2017
492491;Stéphan;OUVRARD;garçon;stephan.ouvrard@centralesupelec.fr;2016-10-17;2016-10-17;25.5;2017
1032378;Frantz;PREZELIN;M;frantz.prezelin@centralesupelec.fr;2016-10-26;2016-10-26;25.5;2017
1003065;Jean-Frédéric;DAVIAUD;M;jean-frederic.daviaud@centralesupelec.fr;2016-09-11;2016-09-11;25.5;2017
3121003;Marie Line;DESGRE;fille;marie line.desgre@centralesupelec.fr;2016-09-11;2016-10-11;25.5;2017
6124965;Marie Jeanne;RICHE;F;marie jeanne.riche@centralesupelec.fr;2016-09-23;2016-09-23;25.5;2017
6723978;Jean Bernard;BLANCHET;M;jean bernard.blanchet@centralesupelec.fr;2016-09-30;2016-10-30;25.5;2017
1696413;Pierre André;LIZE;M;pierre andre.lize@centralesupelec.fr;2016-09-24;2016-10-24;25.5;2017
7076940;Michele;FAUCHARD;M;michele.fauchard@centralesupelec.fr;2016-09-15;2016-10-15;25.5;2017
7341242;Richard;CRASNIER;garçon;richard.crasnier@centralesupelec.fr;2016-10-26;2016-10-26;25.5;2017
5679520;Ismaël;DIXNEUF;M;ismael.dixneuf@centralesupelec.fr;2016-09-11;2016-09-11;25.5;2017
4167770;Annonciade;GODIN;W;annonciade.godin@centralesupelec.fr;2016-10-06;2016-10-06;25.5;2017
1579065;Francis;LATTE;M;francis.latte@centralesupelec.fr;2016-10-18;2016-10-18;25.5;2017
5564971;Rachida;COUVREUX;F;rachida.couvreux@centralesupelec.fr;2016-10-17;2016-10-17;25.5;2017
8851085;Coralie;LATTE;W;coralie.latte@centralesupelec.fr;2016-10-05;2016-10-05;25.5;2017
36833;Octave;HIVERT;M;octave.hivert@centralesupelec.fr;2016-10-19;2016-10-19;25.5;2017
7779709;Valerie;FRAQUET;H;valerie.fraquet@centralesupelec.fr;2016-10-11;2016-10-11;25.5;2017
7889033;Coralie;CHEVET;W;coralie.chevet@centralesupelec.fr;2016-10-26;2016-11-25;25.5;2017
7908933;Stéphane;BAUDOUIN;M;stephane.baudouin@centralesupelec.fr;2016-10-19;2016-10-19;25.5;2017
7323499;Donald;TISON;garçon;donald.tison@centralesupelec.fr;2016-09-30;2016-10-30;25.5;2017
9302400;Karim;NAULEAU;H;karim.nauleau@centralesupelec.fr;2016-10-06;2016-10-06;25.5;2017
1178592;Christine;PROUST;H;christine.proust@centralesupelec.fr;2016-10-14;2016-10-14;25.5;2017
8132386;Mounir;HERBERT;garçon;mounir.herbert@centralesupelec.fr;2016-10-25;2016-10-25;25.5;2017
6519861;Stephane;PERCHERON;H;stephane.percheron@centralesupelec.fr;2016-10-13;2016-10-13;25.5;2017
9790480;Nordine;GRASSET;M;nordine.grasset@centralesupelec.fr;2016-10-06;2016-10-06;25.5;2017
40525;Renee;HOUDIN;W;renee.houdin@centralesupelec.fr;2016-10-24;2016-10-24;25.5;2017
4424888;Norbert;DELOUCHE;garçon;norbert.delouche@centralesupelec.fr;2016-09-13;2016-09-13;25.5;2017
979747;Suzanne;POUPELIN;fille;suzanne.poupelin@centralesupelec.fr;2016-09-14;2016-09-14;25.5;2017
7298401;Gwenaelle;LAVENIER;F;gwenaelle.lavenier@centralesupelec.fr;2016-10-15;2016-10-15;25.5;2017
127028;Gilda;MENET;fille;gilda.menet@centralesupelec.fr;2016-09-11;2016-10-11;25.5;2017
3859477;Narcisse;DALIFARD;M;narcisse.dalifard@centralesupelec.fr;2016-10-19;2016-10-19;25.5;2017
93782;Suzanne;AUBRY;H;suzanne.aubry@centralesupelec.fr;2016-09-14;2016-09-14;25.5;2017
8156351;Eugène;ANDRE;M;eugene.andre@centralesupelec.fr;2016-10-07;2016-10-07;25.5;2017
5749366;Marie-Angèle;RIVRON;W;marie-angele.rivron@centralesupelec.fr;2016-10-26;2016-10-26;25.5;2017
7875661;Luciano;CHAILLOU;H;luciano.chaillou@centralesupelec.fr;2016-10-02;2016-10-02;25.5;2017
8018418;Marianne;GALLET;M;marianne.gallet@centralesupelec.fr;2016-09-22;2016-09-22;25.5;2017
2400708;Anne-Yvonne;DEHOUX;F;anne-yvonne.dehoux@centralesupelec.fr;2016-10-18;2016-10-18;25.5;2017
4226631;Thierry;MIGNOT;M;thierry.mignot@centralesupelec.fr;2016-10-13;2016-10-13;25.5;2017
9921861;Sylvestre;DEVY;H;sylvestre.devy@centralesupelec.fr;2016-09-30;;25.5;2017
4238144;Jean Christophe;CERIZIER;H;jean christophe.cerizier@centralesupelec.fr;2016-10-12;2016-10-12;25.5;2017
276573;Marie-Noelle;AUMOND;W;marie-noelle.aumond@centralesupelec.fr;2016-09-11;2016-09-11;25.5;2017
5884030;Jean Pierre;JEANNEAU;M;jean pierre.jeanneau@centralesupelec.fr;2016-10-04;2016-10-04;25.5;2017
248790;Isidore;ROSSIGNOL;H;isidore.rossignol@centralesupelec.fr;2016-09-27;2016-10-27;25.5;2017
378085;Prosper;HUCHON;H;prosper.huchon@centralesupelec.fr;2016-10-19;2016-11-18;25.5;2017
7183635;Marie-Jeanne;DUBREUIL;garçon;marie-jeanne.dubreuil@centralesupelec.fr;2016-09-21;2016-09-21;25.5;2017
6218844;Meriem;CHUDEAU;W;meriem.chudeau@centralesupelec.fr;2016-09-26;2016-09-26;25.5;2017
8449224;Ahmed;LHERMITEAU;H;ahmed.lhermiteau@centralesupelec.fr;2016-09-11;2016-10-11;25.5;2017
7476598;Baptiste;LEFEVRE;H;baptiste.lefevre@centralesupelec.fr;2016-09-26;2016-09-26;25.5;2017
7062366;Jeremie;RICOU;H;jeremie.ricou@centralesupelec.fr;2016-09-13;2016-10-13;25.5;2017
9754036;Dorothée;BIENVENU;W;dorothee.bienvenu@centralesupelec.fr;2016-10-15;2016-10-15;25.5;2017
3662800;Ghislène;ALLAIRE;fille;ghislene.allaire@centralesupelec.fr;2016-09-12;2016-09-12;25.5;2017
7279332;Lorène;TREMBLAY;W;lorene.tremblay@centralesupelec.fr;2016-10-07;2016-10-07;25.5;2017
9515545;Claudy;GABORY;F;claudy.gabory@centralesupelec.fr;2016-10-14;2016-10-14;25.5;2017
5148985;Jean-Fred;FRIBAULT;H;jean-fred.fribault@centralesupelec.fr;2016-10-24;2016-10-24;25.5;2017
4082658;Francis;FROUIN;H;francis.frouin@centralesupelec.fr;2016-09-27;2016-10-27;25.5;2017
1978626;Rolande;ROUAULT;F;rolande.rouault@centralesupelec.fr;2016-09-28;2016-09-28;25.5;2017
8113264;Georges;TRICOT;garçon;georges.tricot@centralesupelec.fr;2016-10-09;2016-10-09;25.5;2017
355898;Patricia;GODICHEAU;M;patricia.godicheau@centralesupelec.fr;2016-10-01;2016-10-01;25.5;2017
9849743;Jean-Rémi;GUICHETEAU;garçon;jean-remi.guicheteau@centralesupelec.fr;2016-09-13;2016-09-13;25.5;2017
3355127;Patric;REVAULT;M;patric.revault@centralesupelec.fr;2016-09-16;2016-09-16;25.5;2017
3614841;Jeanne Marie;HERY;F;jeanne marie.hery@centralesupelec.fr;2016-10-08;2016-11-07;25.5;2017
7601491;Vincenza;HOUDAYER;F;vincenza.houdayer@centralesupelec.fr;2016-10-17;2016-10-17;25.5;2017
9777115;Solange;CHEVALIER;F;solange.chevalier@centralesupelec.fr;2016-10-26;2016-10-26;25.5;2017
997790;Augustine;GABORY;fille;augustine.gabory@centralesupelec.fr;2016-10-22;2016-11-21;25.5;2017
8747513;Jean André;BELOUIN;garçon;jean andre.belouin@centralesupelec.fr;2016-09-15;2016-09-15;25.5;2017
1644484;Vanessa;OGEREAU;W;vanessa.ogereau@centralesupelec.fr;2016-10-25;2016-10-25;25.5;2017
2883408;Fernando;BENARD;M;fernando.benard@centralesupelec.fr;2016-09-27;2016-09-27;25.5;2017
1647802;Marianne;BESSON;W;marianne.besson@centralesupelec.fr;2016-10-25;2016-10-25;25.5;2017
9437095;Werner;HULLIN;M;werner.hullin@centralesupelec.fr;2016-10-21;;25.5;2017
5234188;Paul-Henri;LAILLER;garçon;paul-henri.lailler@centralesupelec.fr;2016-09-14;2016-09-14;25.5;2017
9405837;Marinette;JURET;W;marinette.juret@centralesupelec.fr;2016-10-26;2016-10-26;25.5;2017
3500040;Frédérique;EVAIN;fille;frederique.evain@centralesupelec.fr;2016-09-18;2016-09-18;25.5;2017
4816761;Mickaël;BROUSSEAU;H;mickael.brousseau@centralesupelec.fr;2016-09-26;2016-10-26;25.5;2017
9094742;Thérèse-Marie;THOMAS;F;therese-marie.thomas@centralesupelec.fr;2016-10-04;;25.5;2017
7311187;Hugo;DESHAYES;M;hugo.deshayes@centralesupelec.fr;2016-09-20;2016-10-20;25.5;2017
3114424;Michele;GAILLARD;M;michele.gaillard@centralesupelec.fr;2016-09-29;2016-10-29;25.5;2017
9127865;Pierre-Marie;PITON;H;pierre-marie.piton@centralesupelec.fr;2016-09-19;2016-10-19;25.5;2017
5928897;Assia;TELLIER;F;assia.tellier@centralesupelec.fr;2016-09-28;2016-09-28;25.5;2017
5964769;Joseph;LAIGLE;W;joseph.laigle@centralesupelec.fr;2016-10-20;2016-10-20;25.5;2017
5107261;Gina;BOLTEAU;fille;gina.bolteau@centralesupelec.fr;2016-10-26;2016-10-26;25.5;2017
6787143;Steve;BONTEMPS;M;steve.bontemps@centralesupelec.fr;2016-10-22;2016-10-22;25.5;2017
8516750;Irénée;DEVEAU;garçon;irenee.deveau@centralesupelec.fr;2016-09-30;2016-09-30;25.5;2017
5352488;Pauline;JOLIVET;F;pauline.jolivet@centralesupelec.fr;2016-10-19;2016-11-18;25.5;2017
7101049;Daniela;DINAND;fille;daniela.dinand@centralesupelec.fr;2016-10-10;2016-10-10;25.5;2017
906048;Hélène;LEMARCHAND;fille;helene.lemarchand@centralesupelec.fr;2016-09-19;2016-09-19;25.5;2017
4196210;Michelle;LEVEQUE;garçon;michelle.leveque@centralesupelec.fr;2016-09-19;2016-10-19;25.5;2017
7370710;Jean-Loup;RORTEAU;garçon;jean-loup.rorteau@centralesupelec.fr;2016-10-14;2016-11-13;25.5;2017
9034456;Arnold;COUTAND;H;arnold.coutand@centralesupelec.fr;2016-10-03;2016-10-03;25.5;2017
7528141;Mary;SALE;W;mary.sale@centralesupelec.fr;2016-09-13;2016-09-13;25.5;2017
8710431;Richard;BLUTEAU;M;richard.bluteau@centralesupelec.fr;2016-09-16;2016-10-16;25.5;2017
7662077;Gianni;BARBARIN;M;gianni.barbarin@centralesupelec.fr;2016-10-24;2016-11-23;25.5;2017
3841145;Anne Sophie;BARDET;F;anne sophie.bardet@centralesupelec.fr;2016-09-15;2016-09-15;25.5;2017
519831;Kathy;SALE;F;kathy.sale@centralesupelec.fr;2016-09-21;2016-09-21;25.5;2017
4219309;Rebecca;PELTIER;F;rebecca.peltier@centralesupelec.fr;2016-10-15;2016-11-14;25.5;2017
7094369;Laurence;TURPAULT;fille;laurence.turpault@centralesupelec.fr;2016-10-23;2016-11-22;25.5;2017
3528;Ericka;GUYOMARD;W;ericka.guyomard@centralesupelec.fr;2016-10-11;2016-11-10;25.5;2017
6104660;Jean-Albert;LEMAITRE;H;jean-albert.lemaitre@centralesupelec.fr;2016-10-26;2016-11-25;25.5;2017
4266865;Rachida;VERGNEAU;F;rachida.vergneau@centralesupelec.fr;2016-09-20;2016-10-20;25.5;2017
9030568;Janick;VINCONNEAU;garçon;janick.vinconneau@centralesupelec.fr;2016-10-07;2016-10-07;25.5;2017
7808312;Valentine;GESLIN;F;valentine.geslin@centralesupelec.fr;2016-10-17;2016-11-16;25.5;2017
9598109;Marie-Rose;LANGE;fille;marie-rose.lange@centralesupelec.fr;2016-10-07;2016-10-07;25.5;2017
9098198;Abdallah;FOUIN;garçon;abdallah.fouin@centralesupelec.fr;2016-09-17;2016-09-17;25.5;2017
5179638;Marine;PERON;W;marine.peron@centralesupelec.fr;2016-09-26;2016-09-26;25.5;2017
5438886;Jamila;DALIBON;F;jamila.dalibon@centralesupelec.fr;2016-10-13;2016-10-13;25.5;2017
6971046;Lydie;GUEMARD;H;lydie.guemard@centralesupelec.fr;2016-10-19;2016-11-18;25.5;2017
8887467;Djamila;BACLE;F;djamila.bacle@centralesupelec.fr;2016-10-22;2016-10-22;25.5;2017
1079682;Remy;HOUDU;H;remy.houdu@centralesupelec.fr;2016-09-14;2016-09-14;25.5;2017
4430853;Pierre;DAVY;garçon;pierre.davy@centralesupelec.fr;2016-09-22;2016-09-22;25.5;2017
8725005;Rolland;LIEVRE;H;rolland.lievre@centralesupelec.fr;2016-10-18;2016-11-17;25.5;2017
1321828;Bernard;SAUVAGET;H;bernard.sauvaget@centralesupelec.fr;2016-10-09;2016-11-08;25.5;2017
3509867;Jeannine;PAILLAT;W;jeannine.paillat@centralesupelec.fr;2016-09-21;2016-10-21;25.5;2017
6396437;Alex;SAULNIER;H;alex.saulnier@centralesupelec.fr;2016-10-24;2016-10-24;25.5;2017
1372084;Stephan;DELANOUE;H;stephan.delanoue@centralesupelec.fr;2016-09-18;2016-09-18;25.5;2017
6303380;Hamed;FOUGERE;H;hamed.fougere@centralesupelec.fr;2016-09-25;2016-09-25;25.5;2017
6901811;Mona;CHUDEAU;fille;mona.chudeau@centralesupelec.fr;2016-09-11;2016-09-11;25.5;2017
1866526;Jean-Raymond;COIGNARD;garçon;jean-raymond.coignard@centralesupelec.fr;2016-09-28;2016-09-28;25.5;2017
171568;Reynald;HOGNON;garçon;reynald.hognon@centralesupelec.fr;2016-09-13;2016-09-13;25.5;2017
2046596;Anabelle;BOUYER;F;anabelle.bouyer@centralesupelec.fr;2016-09-13;2016-09-13;25.5;2017
9440070;Samir;SUROT;H;samir.surot@centralesupelec.fr;2016-09-11;2016-09-11;25.5;2017
5132626;Joao;GOURE;garçon;joao.goure@centralesupelec.fr;2016-10-18;2016-11-17;25.5;2017
3434843;Laure;BOISSINOT;fille;laure.boissinot@centralesupelec.fr;2016-10-13;2016-10-13;25.5;2017
856194;Jean-Yvon;LEVEQUE;garçon;jean-yvon.leveque@centralesupelec.fr;2016-10-09;2016-11-08;25.5;2017
6768249;Dolores;BOURDEAU;F;dolores.bourdeau@centralesupelec.fr;2016-10-02;2016-11-01;25.5;2017
5208398;Mikaël;GUIGNON;H;mikael.guignon@centralesupelec.fr;2016-10-26;2016-10-26;25.5;2017
4296479;Saliha;BOISNAULT;W;saliha.boisnault@centralesupelec.fr;2016-10-24;2016-11-23;25.5;2017
1468941;Najat;BERTHAUD;F;najat.berthaud@centralesupelec.fr;2016-10-06;2016-10-06;25.5;2017
6532698;Adeline;HOUET;fille;adeline.houet@centralesupelec.fr;2016-10-01;2016-10-31;25.5;2017
81966;Lisette;CHOISNET;fille;lisette.choisnet@centralesupelec.fr;2016-10-01;2016-10-01;25.5;2017
2299333;Alix;THIERY;garçon;alix.thiery@centralesupelec.fr;2016-09-19;2016-09-19;25.5;2017
2116067;Yoann;GAUDICHEAU;M;yoann.gaudicheau@centralesupelec.fr;2016-09-26;2016-09-26;25.5;2017
7048766;François-Marie;RABOIN;M;francois-marie.raboin@centralesupelec.fr;2016-09-27;2016-10-27;25.5;2017
1212318;Pierre Louis;BAUDON;garçon;pierre louis.baudon@centralesupelec.fr;2016-10-12;2016-10-12;25.5;2017
4097932;Cathy;JUBEAU;F;cathy.jubeau@centralesupelec.fr;2016-10-10;2016-10-10;25.5;2017
2906447;Hélène;LAILLER;H;helene.lailler@centralesupelec.fr;2016-10-17;2016-10-17;25.5;2017
8264536;Jerome;METIVIER;H;jerome.metivier@centralesupelec.fr;2016-10-12;2016-10-12;25.5;2017
5564982;Iris;CHEVALIER;W;iris.chevalier@centralesupelec.fr;2016-09-14;2016-09-14;25.5;2017
3619521;Théophile;PROUTIERE;H;theophile.proutiere@centralesupelec.fr;2016-10-08;2016-10-08;25.5;2017
4480087;Adam;GOHIER;garçon;adam.gohier@centralesupelec.fr;2016-09-20;2016-09-20;25.5;2017
9232177;Mathieu;BONDU;garçon;mathieu.bondu@centralesupelec.fr;2016-10-24;2016-11-23;25.5;2017
1405566;Saliha;DELHOMMEAU;W;saliha.delhommeau@centralesupelec.fr;2016-10-04;2016-10-04;25.5;2017
9645399;Véronique;BOUHIRON;F;veronique.bouhiron@centralesupelec.fr;2016-09-30;2016-10-30;25.5;2017
6439314;Suzanne;GASTE;F;suzanne.gaste@centralesupelec.fr;2016-09-15;2016-09-15;25.5;2017
5548333;Vivianne;RABOUIN;W;vivianne.rabouin@centralesupelec.fr;2016-09-20;2016-10-20;25.5;2017
5431327;Moise;LORRE;M;moise.lorre@centralesupelec.fr;2016-10-09;2016-11-08;25.5;2017
8851393;Annie;ROULLIER;fille;annie.roullier@centralesupelec.fr;2016-09-14;2016-09-14;25.5;2017
2982167;Edouard;DALAINE;M;edouard.dalaine@centralesupelec.fr;2016-10-16;2016-10-16;25.5;2017
549362;Joanny;SUBILEAU;H;joanny.subileau@centralesupelec.fr;2016-09-22;2016-10-22;25.5;2017
4638846;Jean Baptiste;ROINARD;garçon;jean baptiste.roinard@centralesupelec.fr;2016-09-26;2016-09-26;25.5;2017
8737405;Jean-Brice;GENDREAU;garçon;jean-brice.gendreau@centralesupelec.fr;2016-10-05;2016-10-05;25.5;2017
4035655;Michéle;MAILLARD;W;michele.maillard@centralesupelec.fr;2016-09-25;2016-10-25;25.5;2017
1802652;Jean Luc;CRUARD;M;jean luc.cruard@centralesupelec.fr;2016-10-06;2016-10-06;25.5;2017
2385670;Marie Dominique;BEUROIS;F;marie dominique.beurois@centralesupelec.fr;2016-10-15;2016-10-15;25.5;2017
6638000;David;JADAUD;fille;david.jadaud@centralesupelec.fr;2016-10-04;2016-11-03;25.5;2017
604520;Pierre-Yves;BLAIN;M;pierre-yves.blain@centralesupelec.fr;2016-10-06;;25.5;2017
1963506;Vivien;RELION;garçon;vivien.relion@centralesupelec.fr;2016-10-05;2016-10-05;25.5;2017
2838280;Philomène;BIGEARD;fille;philomene.bigeard@centralesupelec.fr;2016-10-14;2016-11-13;25.5;2017
3530514;Helen;RABINEAU;F;helen.rabineau@centralesupelec.fr;2017-09-23;2017-10-23;23;2018
7085217;Geneviève;RAGUIN;W;genevieve.raguin@centralesupelec.fr;2017-10-27;2017-10-27;23;2018
4265828;Denis;HODE;fille;denis.hode@centralesupelec.fr;2017-10-25;2017-10-25;23;2018
2542500;Karl;ANIS;H;karl.anis@centralesupelec.fr;2017-10-05;2017-10-05;23;2018
9699114;Ludwig;JACQUET;M;ludwig.jacquet@centralesupelec.fr;2017-10-14;2017-10-14;23;2018
6316333;Nancy;HULLIN;fille;nancy.hullin@centralesupelec.fr;2017-10-25;2017-10-25;23;2018
4583291;Suzy;COSNARD;fille;suzy.cosnard@centralesupelec.fr;2017-10-16;;23;2018
1663442;Théodore;BOMARD;garçon;theodore.bomard@centralesupelec.fr;2017-09-12;2017-10-12;23;2018
1125045;Chantale;ROGER;W;chantale.roger@centralesupelec.fr;2017-09-29;2017-09-29;23;2018
5991458;Chrystele;DUBOIS;F;chrystele.dubois@centralesupelec.fr;2017-09-29;;23;2018
400929;Vincenzo;EDIN;H;vincenzo.edin@centralesupelec.fr;2017-09-20;2017-09-20;23;2018
7278656;Myriam;PERCEVAULT;fille;myriam.percevault@centralesupelec.fr;2017-09-24;;23;2018
8264456;Juliette;RENOUX;F;juliette.renoux@centralesupelec.fr;2017-09-14;2017-10-14;23;2018
6000154;Jean-Camille;SAVARIT;M;jean-camille.savarit@centralesupelec.fr;2017-09-22;2017-09-22;23;2018
3808222;Frantz;REVERDY;M;frantz.reverdy@centralesupelec.fr;2017-09-24;2017-09-24;23;2018
1443127;Marie-Céline;DENECHERE;fille;marie-celine.denechere@centralesupelec.fr;2017-10-19;2017-10-19;23;2018
5905613;Fany;LE ROY;W;fany.le roy@centralesupelec.fr;2017-10-24;2017-10-24;23;2018
6172402;Humbert;BOISIAUD;garçon;humbert.boisiaud@centralesupelec.fr;2017-09-27;2017-09-27;23;2018
4309490;Frédéric;BASLE;W;frederic.basle@centralesupelec.fr;2017-10-11;2017-10-11;23;2018
6826493;Dimitri;PERRAUD;garçon;dimitri.perraud@centralesupelec.fr;2017-10-10;2017-10-10;23;2018
3029679;Cendrine;DUCHENE;fille;cendrine.duchene@centralesupelec.fr;2017-09-15;2017-10-15;23;2018
1533193;Joachim;JUBERT;H;joachim.jubert@centralesupelec.fr;2017-10-13;2017-10-13;23;2018
6684033;Nicole;PREZELIN;M;nicole.prezelin@centralesupelec.fr;2017-10-14;2017-11-13;23;2018
4343488;Sidonie;HACAULT;W;sidonie.hacault@centralesupelec.fr;2017-09-19;;23;2018
2495744;Alain;FRADIN;H;alain.fradin@centralesupelec.fr;2017-09-21;2017-10-21;23;2018
5553866;Lily;TOUCHARD;fille;lily.touchard@centralesupelec.fr;2017-09-25;2017-09-25;23;2018
3744587;Mickaël;LIZEE;H;mickael.lizee@centralesupelec.fr;2017-09-29;2017-09-29;23;2018
8799340;Edouard;PANTAIS;H;edouard.pantais@centralesupelec.fr;2017-09-12;2017-10-12;23;2018
5320916;Alison;GOUBAULT;fille;alison.goubault@centralesupelec.fr;2017-09-28;2017-09-28;23;2018
1778639;Amand;DENEUX;garçon;amand.deneux@centralesupelec.fr;2017-09-27;2017-09-27;23;2018
1997966;Marylène;CHAUVIERE;fille;marylene.chauviere@centralesupelec.fr;2017-10-02;2017-10-02;23;2018
1057577;Janine;LEBLANC;W;janine.leblanc@centralesupelec.fr;2017-10-19;2017-10-19;23;2018
4633219;Francisca;ROYER;W;francisca.royer@centralesupelec.fr;2017-09-13;2017-10-13;23;2018
1966837;Stéphanie;RICHARD;H;stephanie.richard@centralesupelec.fr;2017-10-04;2017-11-03;23;2018
9875243;Gwenola;POITOU;fille;gwenola.poitou@centralesupelec.fr;2017-10-16;2017-10-16;23;2018
6838348;Jean-Charles;LEBRUN;H;jean-charles.lebrun@centralesupelec.fr;2017-09-17;2017-10-17;23;2018
3806289;Frédérique;MOREAU;W;frederique.moreau@centralesupelec.fr;2017-10-02;2017-10-02;23;2018
5668218;Gildas;LIBAUD;garçon;gildas.libaud@centralesupelec.fr;2017-09-22;2017-09-22;23;2018
8106108;Madeleine;PREZELIN;W;madeleine.prezelin@centralesupelec.fr;2017-10-14;2017-10-14;23;2018
1129949;Monika;CHRETIEN;F;monika.chretien@centralesupelec.fr;2017-10-27;2017-11-26;23;2018
5902875;Olivier;MAHE;M;olivier.mahe@centralesupelec.fr;2017-10-02;2017-11-01;23;2018
3242801;Marie Anne;MICHEL;F;marie anne.michel@centralesupelec.fr;2017-09-24;2017-10-24;23;2018
3344822;Arlette;RENIER;W;arlette.renier@centralesupelec.fr;2017-09-26;2017-09-26;23;2018
9169627;Mostafa;RIVAULT;H;mostafa.rivault@centralesupelec.fr;2017-10-15;2017-10-15;23;2018
3043614;Dany;LIGER;H;dany.liger@centralesupelec.fr;2017-09-20;2017-09-20;23;2018
7035795;Bénédicte;ETOURNEUX;garçon;benedicte.etourneux@centralesupelec.fr;2017-09-27;2017-09-27;23;2018
8354927;Jean-Georges;LEPAGE;H;jean-georges.lepage@centralesupelec.fr;2017-10-15;2017-10-15;23;2018
3900976;Amel;ROUMY;W;amel.roumy@centralesupelec.fr;2017-10-18;2017-10-18;23;2018
8889641;Salah;GAILLARD;garçon;salah.gaillard@centralesupelec.fr;2017-09-27;2017-10-27;23;2018
7339596;Najia;ALIGON;W;najia.aligon@centralesupelec.fr;2017-09-20;2017-09-20;23;2018
6949831;Edwige;CHATEIGNER;F;edwige.chateigner@centralesupelec.fr;2017-10-21;2017-10-21;23;2018
1704351;Inès;﻿MARTIN;fille;ines.martin@centralesupelec.fr;2017-09-18;2017-09-18;23;2018
138039;Helen;COIFFARD;fille;helen.coiffard@centralesupelec.fr;2017-10-13;2017-10-13;23;2018
9929295;Anicette;LE GAL;F;anicette.le gal@centralesupelec.fr;2017-10-14;2017-11-13;23;2018
4434849;Gisèle;ANDRAULT;W;gisele.andrault@centralesupelec.fr;2017-09-28;2017-10-28;23;2018
2464497;Maggy;LELIEVRE;fille;maggy.lelievre@centralesupelec.fr;2017-10-02;2017-11-01;23;2018
6597399;Muriel;FOUCHARD;W;muriel.fouchard@centralesupelec.fr;2017-09-17;2017-09-17;23;2018
7467470;Helga;GERNIGON;F;helga.gernigon@centralesupelec.fr;2017-09-15;2017-09-15;23;2018
3733132;Alcide;DEHOUX;H;alcide.dehoux@centralesupelec.fr;2017-10-08;2017-10-08;23;2018
473899;Marie-Pierre;ROBICHON;M;marie-pierre.robichon@centralesupelec.fr;2017-09-12;2017-10-12;23;2018
6802351;Muguette;MONNIER;W;muguette.monnier@centralesupelec.fr;2017-09-23;2017-09-23;23;2018
4879350;Anne-Françoise;MESLET;F;anne-francoise.meslet@centralesupelec.fr;2017-09-25;2017-09-25;23;2018
9340961;Marie-Aline;NAULET;F;marie-aline.naulet@centralesupelec.fr;2017-09-13;2017-09-13;23;2018
15560;Astride;MAROLLEAU;F;astride.marolleau@centralesupelec.fr;2017-10-05;2017-11-04;23;2018
274651;Yvelise;FONTENEAU;fille;yvelise.fonteneau@centralesupelec.fr;2017-10-13;2017-11-12;23;2018
4478217;Bénédicte;BOUHIRON;W;benedicte.bouhiron@centralesupelec.fr;2017-10-19;2017-10-19;23;2018
2892019;Fatima;PONTONNIER;W;fatima.pontonnier@centralesupelec.fr;2017-10-06;2017-10-06;23;2018
7850964;Chistophe;GUIARD;H;chistophe.guiard@centralesupelec.fr;2017-09-18;2017-09-18;23;2018
1663405;Lilianne;BUCHER;F;lilianne.bucher@centralesupelec.fr;2017-10-15;2017-11-14;23;2018
1115480;Christine;ALLORY;M;christine.allory@centralesupelec.fr;2017-10-21;2017-10-21;23;2018
1710322;Siegfried;GRANDIN;H;siegfried.grandin@centralesupelec.fr;2017-10-15;2017-11-14;23;2018
3805079;Antonin;CHESNE;garçon;antonin.chesne@centralesupelec.fr;2017-10-09;2017-10-09;23;2018
2854528;Yannik;MANDIN;garçon;yannik.mandin@centralesupelec.fr;2017-10-05;2017-10-05;23;2018
3635356;Jean Toussaint;MICHELET;H;jean toussaint.michelet@centralesupelec.fr;2017-10-08;2017-10-08;23;2018
3615984;Corinne;SAVARIT;H;corinne.savarit@centralesupelec.fr;2017-09-27;2017-09-27;23;2018
7970054;Soraya;BRECHET;F;soraya.brechet@centralesupelec.fr;2017-09-20;2017-10-20;23;2018
3016990;Priscille;PROD'HOMME;F;priscille.prod'homme@centralesupelec.fr;2017-09-15;2017-09-15;23;2018
5261469;Veronique;PAVIE;fille;veronique.pavie@centralesupelec.fr;2017-09-21;2017-10-21;23;2018
8775967;Claudio;ROUILLE;M;claudio.rouille@centralesupelec.fr;2017-09-16;2017-09-16;23;2018
3228023;Gaël;BOUGET;garçon;gael.bouget@centralesupelec.fr;2017-09-14;2017-09-14;23;2018
583497;Gaelle;MAHOT;fille;gaelle.mahot@centralesupelec.fr;2017-10-26;2017-10-26;23;2018
34297;Marie-Astrid;TROST;F;marie-astrid.trost@centralesupelec.fr;2017-10-01;2017-10-31;23;2018
9155921;Jean Pierre;PERROT;M;jean pierre.perrot@centralesupelec.fr;2017-09-23;2017-09-23;23;2018
8699889;Marceline;CHEVROLLIER;F;marceline.chevrollier@centralesupelec.fr;2017-09-29;2017-09-29;23;2018
8775240;Manuela;MESANGE;F;manuela.mesange@centralesupelec.fr;2017-10-27;2017-10-27;23;2018
6804773;Aurélien;HOMER;garçon;aurelien.homer@centralesupelec.fr;2017-10-02;2017-10-02;23;2018
6432702;Maude;HALBERT;fille;maude.halbert@centralesupelec.fr;2017-09-27;2017-09-27;23;2018
8094130;Ericka;SAUVAGET;F;ericka.sauvaget@centralesupelec.fr;2017-09-23;2017-09-23;23;2018
4240872;Patricia;LHOMMEAU;F;patricia.lhommeau@centralesupelec.fr;2017-10-09;2017-10-09;23;2018
9365834;Marie-Charlotte;PRUD HOMME;W;marie-charlotte.prud homme@centralesupelec.fr;2017-09-29;2017-09-29;23;2018
9179052;Georgette;SALLE;garçon;georgette.salle@centralesupelec.fr;2017-10-26;2017-10-26;23;2018
7777355;Marie-Hélène;BENETEAU;garçon;marie-helene.beneteau@centralesupelec.fr;2017-09-27;2017-09-27;23;2018
2385208;Bertille;MOUILLE;W;bertille.mouille@centralesupelec.fr;2017-10-13;;23;2018
9710923;Yannick;VEAU;F;yannick.veau@centralesupelec.fr;2017-09-28;2017-10-28;23;2018
7567148;Henriette;BOUVET;fille;henriette.bouvet@centralesupelec.fr;2017-09-16;2017-09-16;23;2018
8024999;Pierre-Michel;LOISON;M;pierre-michel.loison@centralesupelec.fr;2017-10-11;2017-10-11;23;2018
860488;Malou;PIFFARD;fille;malou.piffard@centralesupelec.fr;2017-10-16;2017-10-16;23;2018
507855;Danielle;PRUDHOMME;M;danielle.prudhomme@centralesupelec.fr;2017-09-25;2017-09-25;23;2018
101046;Emmanuelle;DAGUIN;F;emmanuelle.daguin@centralesupelec.fr;2017-10-04;2017-10-04;23;2018
9585535;Félicie;SOULARD;fille;felicie.soulard@centralesupelec.fr;2017-10-26;2017-10-26;23;2018
4049986;Natalie;MILLERAND;F;natalie.millerand@centralesupelec.fr;2017-10-03;2017-11-02;23;2018
2020355;Brigitte;ABLINE;F;brigitte.abline@centralesupelec.fr;2017-09-12;2017-09-12;23;2018
801225;Jean Charles;CHEVRE;M;jean charles.chevre@centralesupelec.fr;2017-09-12;2017-09-12;23;2018
9401226;Pilar;GUICHARD;W;pilar.guichard@centralesupelec.fr;2017-09-30;2017-09-30;23;2018
8955635;Anne-Yvonne;LEBRUN;W;anne-yvonne.lebrun@centralesupelec.fr;2017-10-06;2017-10-06;23;2018
1884033;Carine;REVEILLERE;F;carine.reveillere@centralesupelec.fr;2017-10-19;2017-10-19;23;2018
1810422;Mireille;LEGER;fille;mireille.leger@centralesupelec.fr;2017-09-16;2017-10-16;23;2018
7145865;Fatma;COUVREUX;fille;fatma.couvreux@centralesupelec.fr;2017-09-21;2017-09-21;23;2018
494042;Katell;PAYRAUDEAU;F;katell.payraudeau@centralesupelec.fr;2017-10-04;;23;2018
7231589;Jacob;BOURRIGAULT;M;jacob.bourrigault@centralesupelec.fr;2017-10-07;2017-10-07;23;2018
8147057;Florian;BEAUMONT;M;florian.beaumont@centralesupelec.fr;2017-09-17;2017-10-17;23;2018
7848592;Jean-Max;RIOU;M;jean-max.riou@centralesupelec.fr;2017-09-29;2017-09-29;23;2018
7761100;Karl;BOUTET;H;karl.boutet@centralesupelec.fr;2017-10-27;2017-10-27;23;2018
5704838;Emmanuel;CHOLLET;garçon;emmanuel.chollet@centralesupelec.fr;2017-09-28;2017-09-28;23;2018
455099;Antoinette;PERRAULT;fille;antoinette.perrault@centralesupelec.fr;2017-10-07;;23;2018
7747843;Julio;COTTIN;M;julio.cottin@centralesupelec.fr;2017-10-10;2017-11-09;23;2018
4583912;Clothilde;BACHELOT;F;clothilde.bachelot@centralesupelec.fr;2017-10-05;2017-10-05;23;2018
4124362;Renee;GANNE;F;renee.ganne@centralesupelec.fr;2017-10-02;2017-10-02;23;2018
4651705;Raphaële;PROVOST;W;raphaele.provost@centralesupelec.fr;2017-09-15;2017-09-15;23;2018
6876230;Bérénice;VRAIN;fille;berenice.vrain@centralesupelec.fr;2017-10-14;2017-11-13;23;2018
4647388;Pascale;BASSET;fille;pascale.basset@centralesupelec.fr;2017-09-30;2017-09-30;23;2018
4776029;Héloïse;LEMASSON;fille;heloise.lemasson@centralesupelec.fr;2017-10-18;2017-11-17;23;2018
5499132;Dominique;RONCIER;garçon;dominique.roncier@centralesupelec.fr;2017-09-15;2017-09-15;23;2018
5499953;Jim;GACHET;garçon;jim.gachet@centralesupelec.fr;2017-09-21;2017-09-21;23;2018
4407803;Mohamed;LACROIX;garçon;mohamed.lacroix@centralesupelec.fr;2017-09-22;2017-09-22;23;2018
6136699;Aymeric;POIRIER;H;aymeric.poirier@centralesupelec.fr;2017-10-21;2017-10-21;23;2018
606392;Cédric;ANDORIN;H;cedric.andorin@centralesupelec.fr;2017-09-30;2017-10-30;23;2018
268237;Annonciade;BRU;W;annonciade.bru@centralesupelec.fr;2017-09-17;;23;2018
2605131;Romain;BLANCHARD;H;romain.blanchard@centralesupelec.fr;2017-09-26;2017-09-26;23;2018
2265713;Jean-Luc;GROSBOIS;M;jean-luc.grosbois@centralesupelec.fr;2017-10-20;2017-10-20;23;2018
1674550;Vivian;HACAULT;garçon;vivian.hacault@centralesupelec.fr;2017-10-01;2017-10-01;23;2018
136058;Marie-Paule;MAHE;F;marie-paule.mahe@centralesupelec.fr;2017-09-30;2017-09-30;23;2018
9848855;Lysianne;BEILLARD;fille;lysianne.beillard@centralesupelec.fr;2017-10-23;2017-10-23;23;2018
6897722;Cécile;JEANNEAU;M;cecile.jeanneau@centralesupelec.fr;2017-10-12;2017-10-12;23;2018
7894397;Jean Maurice;REIGNIER;M;jean maurice.reignier@centralesupelec.fr;2017-10-03;2017-10-03;23;2018
8171384;Thérèse-Marie;PICARD;fille;therese-marie.picard@centralesupelec.fr;2017-09-21;2017-09-21;23;2018
9896491;Raphaelle;BUSSON;fille;raphaelle.busson@centralesupelec.fr;2017-10-05;2017-11-04;23;2018
9956934;Félicie;ALAIN;F;felicie.alain@centralesupelec.fr;2017-10-22;2017-10-22;23;2018
5032678;Jannick;COLONNIER;H;jannick.colonnier@centralesupelec.fr;2017-10-22;2017-11-21;23;2018
1347587;Josyane;CHEMINEAU;W;josyane.chemineau@centralesupelec.fr;2017-10-20;;23;2018
492491;Stéphan;OUVRARD;garçon;stephan.ouvrard@centralesupelec.fr;2017-09-27;2017-09-27;23;2018
8200792;David;MAILLET;W;david.maillet@centralesupelec.fr;2017-09-15;2017-10-15;23;2018
3428204;Jean-Vincent;PINIER;H;jean-vincent.pinier@centralesupelec.fr;2017-09-22;2017-10-22;23;2018
883663;Anne Sophie;BARRE;F;anne sophie.barre@centralesupelec.fr;2017-10-03;2017-10-03;23;2018
103153;Annette;BREBION;W;annette.brebion@centralesupelec.fr;2017-09-20;2017-09-20;23;2018
4167770;Annonciade;GODIN;W;annonciade.godin@centralesupelec.fr;2017-09-29;;23;2018
2077485;Joannès;ESNAULT;garçon;joannes.esnault@centralesupelec.fr;2017-10-26;2017-10-26;23;2018
5564971;Rachida;COUVREUX;F;rachida.couvreux@centralesupelec.fr;2017-10-25;2017-10-25;23;2018
9419114;Cedric;FOULON;H;cedric.foulon@centralesupelec.fr;2017-09-16;2017-10-16;23;2018
36833;Octave;HIVERT;M;octave.hivert@centralesupelec.fr;2017-10-21;2017-11-20;23;2018
1829605;Ariane;BOULLAIS;W;ariane.boullais@centralesupelec.fr;2017-09-15;2017-09-15;23;2018
4131535;Marie-Alice;LEGRAND;W;marie-alice.legrand@centralesupelec.fr;2017-09-18;2017-09-18;23;2018
7323499;Donald;TISON;garçon;donald.tison@centralesupelec.fr;2017-10-05;2017-11-04;23;2018
2077845;Fatiha;TESSIER;W;fatiha.tessier@centralesupelec.fr;2017-09-25;2017-09-25;23;2018
8441349;Maxime;LEDUC;M;maxime.leduc@centralesupelec.fr;2017-09-12;2017-09-12;23;2018
6519861;Stephane;PERCHERON;H;stephane.percheron@centralesupelec.fr;2017-10-09;2017-10-09;23;2018
4244014;Thiery;LECLAIR;M;thiery.leclair@centralesupelec.fr;2017-10-02;2017-10-02;23;2018
4424888;Norbert;DELOUCHE;garçon;norbert.delouche@centralesupelec.fr;2017-09-22;2017-09-22;23;2018
9782076;Toussaint;BILLARD;M;toussaint.billard@centralesupelec.fr;2017-09-15;2017-09-15;23;2018
7199569;France;LEON;M;france.leon@centralesupelec.fr;2017-09-24;2017-09-24;23;2018
108966;Noëlle;CHOLEAU;W;noelle.choleau@centralesupelec.fr;2017-10-03;2017-10-03;23;2018
522105;Corine;TUFFREAU;W;corine.tuffreau@centralesupelec.fr;2017-09-22;2017-09-22;23;2018
127028;Gilda;MENET;fille;gilda.menet@centralesupelec.fr;2017-10-13;2017-11-12;23;2018
2708101;Jean-Marie;TAVEAU;garçon;jean-marie.taveau@centralesupelec.fr;2017-10-11;2017-11-10;23;2018
3859477;Narcisse;DALIFARD;M;narcisse.dalifard@centralesupelec.fr;2017-09-21;2017-10-21;23;2018
7664126;Colombe;LORENDEAU;F;colombe.lorendeau@centralesupelec.fr;2017-09-14;2017-09-14;23;2018
7875661;Luciano;CHAILLOU;H;luciano.chaillou@centralesupelec.fr;2017-10-27;2017-10-27;23;2018
7962855;Marie-Rose;JOLY;fille;marie-rose.joly@centralesupelec.fr;2017-09-24;2017-09-24;23;2018
4881043;Emile;CLENET;M;emile.clenet@centralesupelec.fr;2017-10-22;2017-10-22;23;2018
276573;Marie-Noelle;AUMOND;W;marie-noelle.aumond@centralesupelec.fr;2017-10-26;2017-10-26;23;2018
248790;Isidore;ROSSIGNOL;H;isidore.rossignol@centralesupelec.fr;2017-10-09;2017-11-08;23;2018
2770248;Graziella;VIOLLEAU;W;graziella.violleau@centralesupelec.fr;2017-10-15;2017-10-15;23;2018
243144;Baptiste;CLENET;M;baptiste.clenet@centralesupelec.fr;2017-09-12;2017-10-12;23;2018
4022307;Corine;HOMER;fille;corine.homer@centralesupelec.fr;2017-09-30;2017-10-30;23;2018
9629022;Cendrine;BOURBON;fille;cendrine.bourbon@centralesupelec.fr;2017-09-17;2017-10-17;23;2018
6107913;Marie-Françoise;GAUTIER;W;marie-francoise.gautier@centralesupelec.fr;2017-10-19;2017-11-18;23;2018
8793782;Manon;LUSSEAU;fille;manon.lusseau@centralesupelec.fr;2017-10-08;2017-10-08;23;2018
7043760;Jean-Henri;GRASSET;garçon;jean-henri.grasset@centralesupelec.fr;2017-10-18;2017-10-18;23;2018
8667146;Jeremy;AUBINEAU;H;jeremy.aubineau@centralesupelec.fr;2017-09-15;2017-09-15;23;2018
6066463;Janick;COUDERT;W;janick.coudert@centralesupelec.fr;2017-10-24;2017-10-24;23;2018
7476598;Baptiste;LEFEVRE;H;baptiste.lefevre@centralesupelec.fr;2017-09-15;2017-09-15;23;2018
5806187;Philip;POITOU;garçon;philip.poitou@centralesupelec.fr;2017-10-08;2017-10-08;23;2018
1074376;Josie;GRELET;F;josie.grelet@centralesupelec.fr;2017-09-13;2017-09-13;23;2018
7367140;Joël;GRIFFON;fille;joel.griffon@centralesupelec.fr;2017-10-27;2017-10-27;23;2018
5654485;Rachel;CLAUDE;M;rachel.claude@centralesupelec.fr;2017-10-10;;23;2018
7062366;Jeremie;RICOU;H;jeremie.ricou@centralesupelec.fr;2017-09-13;2017-10-13;23;2018
6223280;Martial;FRETTE;M;martial.frette@centralesupelec.fr;2017-09-20;2017-09-20;23;2018
3662800;Ghislène;ALLAIRE;fille;ghislene.allaire@centralesupelec.fr;2017-10-02;2017-10-02;23;2018
9515545;Claudy;GABORY;F;claudy.gabory@centralesupelec.fr;2017-09-30;2017-10-30;23;2018
8559938;Rose-May;CRESPIN;W;rose-may.crespin@centralesupelec.fr;2017-10-23;2017-11-22;23;2018
6811689;Jean-Alain;CHOLEAU;H;jean-alain.choleau@centralesupelec.fr;2017-09-25;2017-09-25;23;2018
355898;Patricia;GODICHEAU;M;patricia.godicheau@centralesupelec.fr;2017-10-02;2017-10-02;23;2018
5222144;Laurent;CUSSONNEAU;M;laurent.cussonneau@centralesupelec.fr;2017-10-25;2017-10-25;23;2018
3355127;Patric;REVAULT;M;patric.revault@centralesupelec.fr;2017-10-17;2017-10-17;23;2018
9816486;Irénée;PAPIN;M;irenee.papin@centralesupelec.fr;2017-09-28;2017-09-28;23;2018
9325041;Magalie;BAZANTE;F;magalie.bazante@centralesupelec.fr;2017-10-03;2017-10-03;23;2018
8386950;Martina;LEGEAI;F;martina.legeai@centralesupelec.fr;2017-09-25;2017-09-25;23;2018
7601491;Vincenza;HOUDAYER;F;vincenza.houdayer@centralesupelec.fr;2017-09-22;2017-10-22;23;2018
2755407;Taoufik;LEBLOND;M;taoufik.leblond@centralesupelec.fr;2017-09-18;2017-10-18;23;2018
8747513;Jean André;BELOUIN;garçon;jean andre.belouin@centralesupelec.fr;2017-10-22;2017-10-22;23;2018
1644484;Vanessa;OGEREAU;W;vanessa.ogereau@centralesupelec.fr;2017-10-22;2017-11-21;23;2018
5810703;Severine;REBONDY;W;severine.rebondy@centralesupelec.fr;2017-10-16;2017-11-15;23;2018
5234188;Paul-Henri;LAILLER;garçon;paul-henri.lailler@centralesupelec.fr;2017-09-17;2017-09-17;23;2018
5744405;Lisette;JOURDAIN;fille;lisette.jourdain@centralesupelec.fr;2017-09-23;2017-09-23;23;2018
4816761;Mickaël;BROUSSEAU;H;mickael.brousseau@centralesupelec.fr;2017-09-12;2017-09-12;23;2018
5679002;Solenne;BLANCHARD;W;solenne.blanchard@centralesupelec.fr;2017-10-26;2017-10-26;23;2018
7489903;Davy;ALEXANDRE;M;davy.alexandre@centralesupelec.fr;2017-09-18;;23;2018
9413847;Tamara;CHOLET;fille;tamara.cholet@centralesupelec.fr;2017-10-24;2017-10-24;23;2018
8203047;Désiré;POTTIER;H;desire.pottier@centralesupelec.fr;2017-09-12;2017-09-12;23;2018
9127865;Pierre-Marie;PITON;H;pierre-marie.piton@centralesupelec.fr;2017-10-08;2017-10-08;23;2018
5107261;Gina;BOLTEAU;fille;gina.bolteau@centralesupelec.fr;2017-10-18;2017-10-18;23;2018
9280128;Cathy;POISSON;garçon;cathy.poisson@centralesupelec.fr;2017-10-03;2017-11-02;23;2018
3564997;Herve;BOUCHARD;H;herve.bouchard@centralesupelec.fr;2017-10-09;2017-10-09;23;2018
1804452;Etienne;BAHUAUD;M;etienne.bahuaud@centralesupelec.fr;2017-10-23;2017-10-23;23;2018
5736205;Jean-Yves;CONGNARD;H;jean-yves.congnard@centralesupelec.fr;2017-10-15;2017-10-15;23;2018
982945;Romaric;ESNARD;M;romaric.esnard@centralesupelec.fr;2017-10-04;2017-10-04;23;2018
2518624;Hélène;VANNIER;W;helene.vannier@centralesupelec.fr;2017-10-10;;23;2018
5633652;Jerôme;FLECHEAU;M;jerome.flecheau@centralesupelec.fr;2017-10-04;2017-10-04;23;2018
9662058;Philppe;VEGER;garçon;philppe.veger@centralesupelec.fr;2017-09-21;;23;2018
906048;Hélène;LEMARCHAND;fille;helene.lemarchand@centralesupelec.fr;2017-09-14;2017-09-14;23;2018
4196210;Michelle;LEVEQUE;garçon;michelle.leveque@centralesupelec.fr;2017-10-04;2017-10-04;23;2018
7528141;Mary;SALE;W;mary.sale@centralesupelec.fr;2017-09-13;2017-09-13;23;2018
7322563;Yvonnick;VIGNERON;M;yvonnick.vigneron@centralesupelec.fr;2017-09-26;2017-09-26;23;2018
2038955;Roger;BOURSIER;garçon;roger.boursier@centralesupelec.fr;2017-10-26;2017-10-26;23;2018
6159800;Daniel;LETOURNEAU;garçon;daniel.letourneau@centralesupelec.fr;2017-10-10;2017-11-09;23;2018
2053184;Jocelyn;BIOTEAU;garçon;jocelyn.bioteau@centralesupelec.fr;2017-09-30;2017-09-30;23;2018
4280311;Claire;COSNARD;garçon;claire.cosnard@centralesupelec.fr;2017-10-05;2017-10-05;23;2018
6092537;Mostafa;PAILLAT;H;mostafa.paillat@centralesupelec.fr;2017-09-24;2017-09-24;23;2018
3841145;Anne Sophie;BARDET;F;anne sophie.bardet@centralesupelec.fr;2017-10-08;2017-11-07;23;2018
9535159;Louis;DESBOIS;M;louis.desbois@centralesupelec.fr;2017-10-12;2017-11-11;23;2018
3528;Ericka;GUYOMARD;W;ericka.guyomard@centralesupelec.fr;2017-09-26;2017-09-26;23;2018
6104660;Jean-Albert;LEMAITRE;H;jean-albert.lemaitre@centralesupelec.fr;2017-09-26;2017-09-26;23;2018
4266865;Rachida;VERGNEAU;F;rachida.vergneau@centralesupelec.fr;2017-10-01;2017-10-01;23;2018
9565886;Marie-Jane;GAUTIER;F;marie-jane.gautier@centralesupelec.fr;2017-10-19;2017-10-19;23;2018
1407205;Francine;ROINE;M;francine.roine@centralesupelec.fr;2017-09-18;2017-09-18;23;2018
8624912;Ange;BOURREAU;garçon;ange.bourreau@centralesupelec.fr;2017-10-16;2017-11-15;23;2018
3049600;Quentin;AVRILLON;H;quentin.avrillon@centralesupelec.fr;2017-10-17;;23;2018
1322844;Jean-Albert;GUICHARD;H;jean-albert.guichard@centralesupelec.fr;2017-09-26;2017-10-26;23;2018
5179638;Marine;PERON;W;marine.peron@centralesupelec.fr;2017-10-15;;23;2018
5438886;Jamila;DALIBON;F;jamila.dalibon@centralesupelec.fr;2017-10-10;2017-10-10;23;2018
9874366;Marie Françoise;BOURDAIS;W;marie francoise.bourdais@centralesupelec.fr;2017-09-30;2017-09-30;23;2018
6971046;Lydie;GUEMARD;H;lydie.guemard@centralesupelec.fr;2017-09-19;2017-09-19;23;2018
254339;Omar;BODIN;garçon;omar.bodin@centralesupelec.fr;2017-10-11;2017-11-10;23;2018
9094168;Sylvian;THOREAU;M;sylvian.thoreau@centralesupelec.fr;2017-10-06;2017-10-06;23;2018
1079682;Remy;HOUDU;H;remy.houdu@centralesupelec.fr;2017-10-19;2017-10-19;23;2018
8725005;Rolland;LIEVRE;H;rolland.lievre@centralesupelec.fr;2017-10-16;2017-10-16;23;2018
5974057;Valéry;GUICHARD;M;valery.guichard@centralesupelec.fr;2017-10-17;2017-10-17;23;2018
9065722;Clément;DIDIER;H;clement.didier@centralesupelec.fr;2017-09-27;2017-09-27;23;2018
2581714;Claudine;ROBICHON;garçon;claudine.robichon@centralesupelec.fr;2017-09-17;2017-09-17;23;2018
519158;Martin;MARCEAU;H;martin.marceau@centralesupelec.fr;2017-10-16;2017-11-15;23;2018
6396437;Alex;SAULNIER;H;alex.saulnier@centralesupelec.fr;2017-09-17;2017-09-17;23;2018
2643998;Marie-Neige;EVEILLARD;F;marie-neige.eveillard@centralesupelec.fr;2017-10-08;2017-10-08;23;2018
1372084;Stephan;DELANOUE;H;stephan.delanoue@centralesupelec.fr;2017-10-16;2017-11-15;23;2018
168621;Leïla;JURET;fille;leila.juret@centralesupelec.fr;2017-09-12;2017-09-12;23;2018
715601;Rénald;BELLION;H;renald.bellion@centralesupelec.fr;2017-09-21;2017-10-21;23;2018
7066039;Jean Paul;GUIMBRETIERE;garçon;jean paul.guimbretiere@centralesupelec.fr;2017-09-24;2017-09-24;23;2018
2711330;Francisque;BLUTEAU;H;francisque.bluteau@centralesupelec.fr;2017-09-24;2017-09-24;23;2018
7967859;Marie-Danielle;ETIENNE;F;marie-danielle.etienne@centralesupelec.fr;2017-09-12;2017-09-12;23;2018
3724573;Ruddy;BARBAULT;M;ruddy.barbault@centralesupelec.fr;2017-10-20;2017-11-19;23;2018
8250155;Charlène;CONSTANTIN;fille;charlene.constantin@centralesupelec.fr;2017-09-22;2017-09-22;23;2018
1590418;Mariana;AUVINET;F;mariana.auvinet@centralesupelec.fr;2017-10-27;2017-10-27;23;2018
730483;Bruna;HEMERY;fille;bruna.hemery@centralesupelec.fr;2017-10-05;2017-10-05;23;2018
6657126;Elvis;RABINEAU;H;elvis.rabineau@centralesupelec.fr;2017-09-27;2017-09-27;23;2018
171568;Reynald;HOGNON;garçon;reynald.hognon@centralesupelec.fr;2017-10-05;;23;2018
2798628;Monika;ARIAL;fille;monika.arial@centralesupelec.fr;2017-09-14;2017-10-14;23;2018
5132626;Joao;GOURE;garçon;joao.goure@centralesupelec.fr;2017-09-19;2017-09-19;23;2018
1691150;Eric;CLENET;M;eric.clenet@centralesupelec.fr;2017-10-10;2017-10-10;23;2018
9876669;Gaetan;LAMOUREUX;garçon;gaetan.lamoureux@centralesupelec.fr;2017-10-22;2017-11-21;23;2018
3434843;Laure;BOISSINOT;fille;laure.boissinot@centralesupelec.fr;2017-10-19;2017-10-19;23;2018
856194;Jean-Yvon;LEVEQUE;garçon;jean-yvon.leveque@centralesupelec.fr;2017-10-02;2017-10-02;23;2018
2104286;Marie-Caroline;LEMAITRE;F;marie-caroline.lemaitre@centralesupelec.fr;2017-10-15;2017-10-15;23;2018
3484804;Marielle;GRIVAULT;W;marielle.grivault@centralesupelec.fr;2017-09-15;;23;2018
6768249;Dolores;BOURDEAU;F;dolores.bourdeau@centralesupelec.fr;2017-10-19;2017-10-19;23;2018
5208398;Mikaël;GUIGNON;H;mikael.guignon@centralesupelec.fr;2017-10-27;2017-10-27;23;2018
6606927;Salima;GUILBAULT;fille;salima.guilbault@centralesupelec.fr;2017-09-22;2017-09-22;23;2018
4456631;Thibaud;BERNIER;garçon;thibaud.bernier@centralesupelec.fr;2017-10-13;2017-11-12;23;2018
7099660;Amédée;ANTIER;garçon;amedee.antier@centralesupelec.fr;2017-10-04;2017-10-04;23;2018
738600;Rodolphe;LUMINEAU;H;rodolphe.lumineau@centralesupelec.fr;2017-09-30;2017-09-30;23;2018
2299333;Alix;THIERY;garçon;alix.thiery@centralesupelec.fr;2017-09-12;2017-10-12;23;2018
7048766;François-Marie;RABOIN;M;francois-marie.raboin@centralesupelec.fr;2017-09-20;2017-09-20;23;2018
1642443;Marie Jose;LEGRAND;F;marie jose.legrand@centralesupelec.fr;2017-10-08;2017-10-08;23;2018
7456381;Germinal;DESGRE;M;germinal.desgre@centralesupelec.fr;2017-10-19;2017-10-19;23;2018
4097932;Cathy;JUBEAU;F;cathy.jubeau@centralesupelec.fr;2017-09-12;2017-09-12;23;2018
2906447;Hélène;LAILLER;H;helene.lailler@centralesupelec.fr;2017-10-25;2017-10-25;23;2018
8264536;Jerome;METIVIER;H;jerome.metivier@centralesupelec.fr;2017-10-18;2017-11-17;23;2018
5676653;Renaud;BOUIN;H;renaud.bouin@centralesupelec.fr;2017-10-05;2017-10-05;23;2018
5564982;Iris;CHEVALIER;W;iris.chevalier@centralesupelec.fr;2017-09-16;2017-09-16;23;2018
3619521;Théophile;PROUTIERE;H;theophile.proutiere@centralesupelec.fr;2017-10-24;2017-10-24;23;2018
8449746;Salah;HUPONT;H;salah.hupont@centralesupelec.fr;2017-10-14;2017-10-14;23;2018
5491107;Rodrigue;JOUANNEAU;H;rodrigue.jouanneau@centralesupelec.fr;2017-10-17;2017-11-16;23;2018
5500184;Christianne;BIOTTEAU;W;christianne.biotteau@centralesupelec.fr;2017-10-11;2017-10-11;23;2018
9645399;Véronique;BOUHIRON;F;veronique.bouhiron@centralesupelec.fr;2017-09-16;2017-09-16;23;2018
5548333;Vivianne;RABOUIN;W;vivianne.rabouin@centralesupelec.fr;2017-10-10;2017-10-10;23;2018
4184809;Victoire;HARDOU;fille;victoire.hardou@centralesupelec.fr;2017-09-16;;23;2018
4239962;Conchita;SUTEAU;fille;conchita.suteau@centralesupelec.fr;2017-10-15;2017-10-15;23;2018
8851393;Annie;ROULLIER;fille;annie.roullier@centralesupelec.fr;2017-10-18;2017-10-18;23;2018
8446594;Alexia;CHAIGNEAU;fille;alexia.chaigneau@centralesupelec.fr;2017-09-17;2017-09-17;23;2018
549362;Joanny;SUBILEAU;H;joanny.subileau@centralesupelec.fr;2017-09-24;2017-10-24;23;2018
8347453;Régine;GEORGET;M;regine.georget@centralesupelec.fr;2017-10-19;2017-10-19;23;2018
2571528;Samira;CHAUVIERE;W;samira.chauviere@centralesupelec.fr;2017-09-22;2017-09-22;23;2018